RANK,SEASON,PLAYER_ID,PLAYER_NAME,NICKNAME,TEAM_ID,TEAM_ABBREVIATION,AGE,GP,W,L,W_PCT,MIN,FGM,FGA,FG_PCT,FG3M,FG3A,FG3_PCT,FTM,FTA,FT_PCT,OREB,DREB,REB,AST,TOV,STL,BLK,BLKA,PF,PFD,PTS,PLUS_MINUS,NBA_FANTASY_PTS,DD2,TD3,WNBA_FANTASY_PTS,FP_HIGH_SCORE,GP_RANK,W_RANK,L_RANK,W_PCT_RANK,MIN_RANK,FGM_RANK,FGA_RANK,FG_PCT_RANK,FG3M_RANK,FG3A_RANK,FG3_PCT_RANK,FTM_RANK,FTA_RANK,FT_PCT_RANK,OREB_RANK,DREB_RANK,REB_RANK,AST_RANK,TOV_RANK,STL_RANK,BLK_RANK,BLKA_RANK,PF_RANK,PFD_RANK,PTS_RANK,PLUS_MINUS_RANK,NBA_FANTASY_PTS_RANK,DD2_RANK,TD3_RANK,WNBA_FANTASY_PTS_RANK,FP_HIGH_SCORE_RANK,TEAM_COUNT,E_OFF_RATING,OFF_RATING,sp_work_OFF_RATING,E_DEF_RATING,DEF_RATING,sp_work_DEF_RATING,E_NET_RATING,NET_RATING,sp_work_NET_RATING,AST_PCT,AST_TO,AST_RATIO,OREB_PCT,DREB_PCT,REB_PCT,TM_TOV_PCT,E_TOV_PCT,EFG_PCT,TS_PCT,USG_PCT,E_USG_PCT,E_PACE,PACE,PACE_PER40,sp_work_PACE,PIE,POSS,FGM_PG,FGA_PG,E_OFF_RATING_RANK,OFF_RATING_RANK,sp_work_OFF_RATING_RANK,E_DEF_RATING_RANK,DEF_RATING_RANK,sp_work_DEF_RATING_RANK,E_NET_RATING_RANK,NET_RATING_RANK,sp_work_NET_RATING_RANK,AST_PCT_RANK,AST_TO_RANK,AST_RATIO_RANK,OREB_PCT_RANK,DREB_PCT_RANK,REB_PCT_RANK,TM_TOV_PCT_RANK,E_TOV_PCT_RANK,EFG_PCT_RANK,TS_PCT_RANK,USG_PCT_RANK,E_USG_PCT_RANK,E_PACE_RANK,PACE_RANK,sp_work_PACE_RANK,PIE_RANK,FGM_PG_RANK,FGA_PG_RANK,SERIES_WINS,POSTSEASON_FINISH,QUALIFIER_METHOD,QUALIFIER_VALIDATION,MPG,PPG,FGA_PER_GAME,AST_TO_RATIO,SCORING_LOAD,CREATION_ENGINE,IMPACT_SIGNAL,MINUTES_LOAD,PRIMARY_SCORE,SECONDARY_SCORE,ROLE_SCORE,ROLE_RANK,OPTION_RANK,PRIMARY_PLAYER_ID,PRIMARY_PLAYER_NAME,PRIMARY_USG_PCT,PRIMARY_AST_PCT,MODEL_PRIMARY_PLAYER_NAME,MODEL_SECONDARY_PLAYER_NAME,ROLE_DECISION_STATUS,ROLE_DECISION_REASON,ROLE_PAIRING_SOURCE,PTS_PER_75,FG3A_PER_75,STOCKS_PER_75,TEAM_PTS_SHARE,TEAM_FGA_SHARE,TEAM_AST_SHARE,TEAM_MIN_SHARE,TEAM_REB_SHARE,TEAM_BLK_SHARE,ERA_PPG_MEAN,ERA_PPG_STD,ERA_PPG_PERCENTILE,ERA_PTS75_MEAN,ERA_PTS75_STD,ERA_PTS75_PERCENTILE,ERA_TS_MEAN,ERA_TS_STD,ERA_TS_PERCENTILE,ERA_USG_MEAN,ERA_USG_STD,ERA_USG_PERCENTILE,ERA_AST_MEAN,ERA_AST_STD,ERA_AST_PERCENTILE,ERA_FG3A75_MEAN,ERA_FG3A75_STD,ERA_FG3A75_PERCENTILE,ERA_MPG_MEAN,ERA_MPG_STD,ERA_MPG_PERCENTILE,ERA_STOCKS75_MEAN,ERA_STOCKS75_STD,ERA_STOCKS75_PERCENTILE,ERA_ENVIRONMENT_SAMPLE_PLAYERS,ERA_ENVIRONMENT_SAMPLE_POSSESSIONS,ERA_PLAYOFF_TS_PCT,ERA_PLAYOFF_3PA_RATE,ERA_PLAYOFF_FTA_RATE,ERA_PLAYOFF_PACE,ERA_PLAYOFF_OFF_RATING,RELATIVE_TS_PCT,ERA_BASELINE_METHOD,DEEPEST_ROUND_TEAM_GAMES,DEEPEST_ROUND_GAMES_PLAYED,DEEPEST_ROUND_AVAILABILITY,DEEPEST_ROUND_MPG,DEEPEST_ROUND_PPG,DEEPEST_ROUND_TS_PCT,DEEPEST_ROUND_AST_PG,DEEPEST_ROUND_REB_PG,DEEPEST_ROUND_TEAM_PTS_SHARE,DEEPEST_ROUND_TEAM_FGA_SHARE,PRIMARY_DEEPEST_ROUND_GAMES_PLAYED,PRIMARY_DEEPEST_ROUND_AVAILABILITY,PRIMARY_DEEPEST_ROUND_MPG,DEEPEST_ROUND_STATUS,RANKING_ELIGIBLE,RANKING_ELIGIBILITY_REASON,PLAYOFF_LEAGUE_TS_PCT,TS_PLUS,EB_FG3_PCT,EB_PRIOR_ALPHA,EB_PRIOR_BETA,RUN_CONFIDENCE,OPPONENT_SRS_WEIGHTED,OPPONENT_SRS_MAX,OPPONENT_SERIES_COUNT,OPPONENT_SRS_STATUS,PAIR_NET_RATING,PRIMARY_WITHOUT_SECOND_NET_RATING,SECOND_WITHOUT_PRIMARY_NET_RATING,NEITHER_NET_RATING,PAIR_SYNERGY_DELTA,CONTEXTUAL_INTERACTION,PAIR_SAMPLE,PRIMARY_WITHOUT_SECOND_SAMPLE,SECOND_WITHOUT_PRIMARY_SAMPLE,NEITHER_SAMPLE,SYNERGY_STATUS,SYNERGY_INTERPRETATION,SYNERGY_CONFIDENCE,BPM_STATUS,BPM_MATCH_METHOD,BPM,OBPM,DBPM,PER,WS_PER_48,OWS,DWS,WS,VORP,DRB_PCT,TOV_PCT,BBR_BPM_PERCENTILE,BBR_OBPM_PERCENTILE,BBR_DBPM_PERCENTILE,BBR_VORP_PERCENTILE,BBR_WS_PERCENTILE,BBR_DWS_PERCENTILE,POSITION_3PAR_PERCENTILE,POSITION_TS_PERCENTILE,POSITION,POSITION_GROUP,ISO_POSS_PCT,ISO_PPP,CATCH_SHOOT_FG3A,CATCH_SHOOT_FG3_PCT,RIM_DFG_PCT,RIM_DFG_DIFF,LATE_CLOCK_FGA,LATE_CLOCK_PTS,TRACKING_STATUS,PRIMARY_MIN,PRIMARY_FG3A,PRIMARY_BLK,PRIMARY_EB_FG3_PCT,PRIMARY_ISO_POSS_PCT,PRIMARY_ISO_PPP,PRIMARY_CATCH_SHOOT_FG3A,PRIMARY_RIM_DFG_DIFF,PRIMARY_LATE_CLOCK_FGA,FG3A_PER_36,BLK_PER_36,CATCH_SHOOT_FG3A_PER_36,LATE_CLOCK_FGA_PER_36,FG2A_PER_36,FG2_PCT,FTA_PER_36,CREATION_SCORE_COVERAGE,CREATION_SCORE_STATUS,CREATION_SCORE,OFF_BALL_SCORE_COVERAGE,OFF_BALL_SCORE_STATUS,OFF_BALL_SCORE,DEFENSIVE_SCORE_COVERAGE,DEFENSIVE_SCORE_STATUS,DEFENSIVE_SCORE,DEFENSIVE_SCORE_RAW,DEFENSIVE_SCORE_METHOD,INTERIOR_GRAVITY_SCORE,INTERIOR_GRAVITY_COVERAGE,SCALABLE_OFFENSE_SCORE,DOMINANT_ARCHETYPE,PRIMARY_FG3A_PER_36,PRIMARY_BLK_PER_36,PRIMARY_CATCH_SHOOT_FG3A_PER_36,PRIMARY_CREATION_CAPABILITY,PRIMARY_OFF_BALL_CAPABILITY,PRIMARY_DEFENSIVE_CAPABILITY,PRIMARY_PRESSURE_VALVE_NEED,PRIMARY_SPACING_NEED,PRIMARY_DEFENSIVE_COVER_NEED,PRESSURE_VALVE_FIT,GRAVITY_FIT,DEFENSIVE_COVER_FIT,LEGACY_GAP_FILL_FIT,NEED_NORMALIZED_FIT,DEFENSIVE_NEED_SHARE,STRENGTH_AMPLIFICATION_SCORE,STRENGTH_AMPLIFICATION_COVERAGE,ROLE_COMPATIBILITY_SCORE,COMPLEMENT_FIT_COVERAGE,COMPLEMENT_FIT_SCORE,COMPLEMENT_FIT_STATUS,ERA_BPM_PERCENTILE,IN_ERA_PRODUCTION_SCORE,PRODUCTION_SCORE,PRODUCTION_SCORE_STATUS,CONTEXTUAL_INTERACTION_SCORE,OVERALL_EVIDENCE_SCORE,NET_IMPACT_SCORE,NET_IMPACT_SCORE_STATUS,PROVISIONAL_EVIDENCE_SCORE,BEST_SECOND_OPTION_SCORE,RANKING_METHOD,ROLE_BURDEN_SCORE,CUMULATIVE_IMPACT_SCORE,TERMINAL_RESPONSIBILITY_SCORE,HISTORICAL_DEFENSE_EVIDENCE_SCORE,BALANCED_SCORECARD_SCORE,BALANCED_SCORECARD_COVERAGE,ERA_ADJUSTMENT_STATUS,OBSERVED_PERFORMANCE_SCORE,FULL_RUN_OFFENSIVE_RESPONSIBILITY_SCORE,ROLE_ROUTE_RESPONSIBILITY_SCORE,ROLE_RESPONSIBILITY_SCORE,DEFENSIVE_EVIDENCE_SCORE,FIT_EVIDENCE_SCORE,FIT_EVIDENCE_STATUS,SCHEDULE_DIFFICULTY_SCORE,SCHEDULE_DIFFICULTY_STATUS,SIMPLE_BALANCED_CORE_SCORE,FINISH_CONTEXT_ADJUSTMENT,SRS_CONTEXT_ADJUSTMENT,TERMINAL_CONTEXT_ADJUSTMENT,TOTAL_CONTEXT_ADJUSTMENT,SIMPLE_BALANCED_SCORE,SIMPLE_SCORE_COVERAGE,SIMPLE_RANKING_METHOD
1,2019-20,203076,Anthony Davis,Anthony,1610612747,LAL,27.0,21,16,5,0.762,768.8516666666667,205,359,0.571,23,60,0.383,149,179,0.832,55,149,204,73,53,26,30,16,56,136,582,184,1051.3,12,0,994.0,1100.0,1,1,154,25,2,2,3,24,27,29,74,2,2,67,1,3,2,14,4,4,1,210,212,2,1,1,2,2,7,2,2.0,1,114.6,117.4,117.4,104.2,105.8,105.8,10.4,11.6,11.6,0.156,1.38,13.0,0.074,0.198,0.136,9.4,9.4,0.603,0.6647478070175439,0.271,0.275,99.54,97.64,81.37,97.64,0.194,1565,9.8,17.1,42,32,32,73,85,85,35,30,30,68,103,124,29,46,34,112,112,42,27,17,19,130,166,166,19,8,17,4,Champion,SERIES_INFERENCE,POROUND_FILTER_IGNORED,36.611984126984126,27.714285714285715,17.095238095238095,1.3773584905660377,93.68647807396302,30.20651455867031,78.07486631016044,100.0,71.05526217472641,84.53183546597509,71.05526217472641,2,2,2544,LeBron James,0.296,0.421,LeBron James,Anthony Davis,CLEAR,Model proposal retained.,MODEL_PROPOSAL,27.89137380191693,2.8753993610223643,2.68370607028754,0.2456732798649219,0.2035147392290249,0.1356877323420074,0.1525499338624338,0.2203023758099352,0.2678571428571428,13.1346416547518,7.093717288877355,96.15384615384616,16.069953706153395,5.491153753332492,94.6153846153846,0.5752759328783092,0.058512585734258,93.07692307692308,0.1895384615384615,0.0595583945960928,86.92307692307692,0.1490923076923077,0.0962779187204215,56.15384615384615,5.414195873171859,2.1325361715991464,10.0,28.31364526058439,7.725805747380409,80.76923076923077,1.7479372016245955,0.6199576695618773,96.15384615384616,65,56337,0.5807301849357721,0.4261977573904179,0.2868501529051988,99.01076923076924,110.02307692307691,0.0840176220817717,ALL_PLAYOFF_ROTATION_PLAYERS,6,6,1.0,38.333333333333336,25.0,0.6691648822269808,3.1666666666666665,10.666666666666666,0.2272727272727272,0.192156862745098,6,1.0,39.333333333333336,COMPLETE,True,Both stars played at least half of terminal-series games at 15+ MPG,0.5736963368225545,115.87102171495158,0.3645535948447042,90.0116144018583,159.98838559814172,HIGH,2.0329672447013487,3.13,4,COMPLETE,14.12623089983022,1.708980582524272,1.7609589041095894,-41.45643564356436,12.41725031730595,-30.800144230368,1178.0,412.0,438.0,101.0,COMPLETE,CONTEXTUAL_NOT_CAUSAL,LOW,COMPLETE,NORMALIZED_NAME,8.7,6.5,2.1,29.6,0.284,3.3,1.2,4.5,2.1,22.7,10.8,93.84615384615384,95.3846153846154,83.07692307692308,98.46153846153848,100.0,97.6923076923077,20.0,84.0,PF,BIG,,,50.0,0.38,0.528,-0.093,86.0,86.0,COMPLETE,761.7116666666667,119,18,0.3631751067801038,,,37.0,0.023,105.0,2.80938455835651,1.404692279178255,2.3411537986304247,4.026784533644331,14.000099715809942,0.6086956521739131,8.381330599096922,0.6666666666666666,PARTIAL,52.95673076923077,1.0,COMPLETE,38.333333333333336,1.0,COMPLETE,93.75,90.1923076923077,POSITION_GROUP_NEARBY_ERA_PERCENTILE,93.75,1.0,93.75,Defensive Anchor,5.624175376947095,0.8507156032356951,1.7486931844289288,73.75,52.083333333333336,46.875,73.75,47.916666666666664,53.125,39.05558894230769,18.368055555555557,49.8046875,35.74277733262108,76.53806041991382,0.3039332538736591,66.18579760307392,1.0,71.17395995646342,0.9444444444444444,71.17395995646342,PARTIAL,93.84615384615384,92.06378726492842,92.06378726492842,COMPLETE,9.210526315789473,83.77846117001452,83.77846117001452,COMPLETE,92.06378726492842,92.06378726492842,OBSERVED_PRODUCTION_GEOMEAN_FIT_DESCRIPTIVE_ONLY,74.42470138227553,99.2277876713668,64.79261577242983,92.0666789594516,83.48596037485358,1.0,COMPLETE,93.84405207566999,68.75,90.57110466368403,70.09724311547107,92.0666789594516,69.99762884777101,COVERAGE_SHRUNK,12.500000000000002,BASKETBALL_REFERENCE_SRS,85.75630053242685,3.5,-0.375,0.1875,3.3125,89.06880053242685,1.0,CORE_GEOMEAN_RATE43_RUN22_RESPONSIBILITY15_FIT20_PLUS_BOUNDED_CONTEXT
2,2016-17,201939,Stephen Curry,Stephen,1610612744,GSW,29.0,17,16,1,0.941,600.7483333333333,151,312,0.484,72,172,0.419,103,114,0.904,22,84,106,114,58,34,4,9,37,89,477,245,831.2,5,1,845.0,925.0,13,1,6,6,5,3,3,75,1,1,42,2,3,44,11,8,11,3,3,2,52,191,196,3,2,1,2,6,3,2,2.0,1,123.1,125.0,125.0,104.0,106.5,106.5,19.1,18.4,18.4,0.27,1.97,21.5,0.039,0.12,0.083,10.9,10.9,0.599,0.6585487077534791,0.289,0.293,104.82,102.79,85.66,102.79,0.173,1290,8.9,18.4,9,7,7,58,77,77,12,14,14,20,64,50,71,90,73,135,133,36,26,20,20,15,35,35,13,10,12,4,Champion,SERIES_INFERENCE,POROUND_FILTER_IGNORED,35.33813725490196,28.058823529411764,18.352941176470587,1.9655172413793105,99.08431332508498,82.33277939343581,94.91525423728812,98.98109561468084,93.01142748812082,96.57018722884048,93.01142748812082,1,2,201142,Kevin Durant,0.279,0.179,Stephen Curry,Kevin Durant,OWNER_REVIEWED,Owner-reviewed: Durant was the primary option; Curry was the second.,OWNER_REVIEWED,27.732558139534884,10.0,2.2093023255813953,0.2352071005917159,0.2109533468559837,0.2375,0.1472422385620915,0.1362467866323907,0.0384615384615384,12.748473563214455,7.342691314073462,94.44444444444444,16.32479602932717,5.8673388841845755,92.85714285714286,0.5597641253433279,0.060036305300154,91.26984126984128,0.1936666666666666,0.0602452659010819,88.09523809523809,0.1442222222222222,0.0919279297497643,92.85714285714286,4.510650346220229,2.52559079030645,97.61904761904762,27.72045149405485,7.553770812999532,80.15873015873017,1.9490474474054356,0.8345247097723952,65.87301587301587,63,47139,0.5708459252649567,0.3636794689426268,0.2875770507349455,96.41095238095238,110.37619047619047,0.0877027824885223,ALL_PLAYOFF_ROTATION_PLAYERS,5,5,1.0,37.6,26.8,0.6194526627218935,9.4,8.0,0.2203947368421052,0.2,5,1.0,39.8,COMPLETE,True,Both stars played at least half of terminal-series games at 15+ MPG,0.5631705611874479,116.93592547964973,0.3845409173714157,90.27626713073744,159.72373286926256,HIGH,3.5802137767220903,7.13,4,COMPLETE,16.760562015503872,-10.15820895522388,23.42390572390572,-3.7175,26.918770970727753,-0.2226347531779708,1032.0,134.0,297.0,320.0,COMPLETE,CONTEXTUAL_NOT_CAUSAL,LOW,COMPLETE,NORMALIZED_NAME,9.7,8.3,1.4,27.1,0.272,2.3,1.1,3.4,1.8,14.1,13.8,95.23809523809524,98.4126984126984,77.77777777777779,98.4126984126984,98.4126984126984,97.61904761904762,83.33333333333334,96.66666666666669,PG,GUARD,,,65.0,0.492,0.476,-0.095,34.0,37.0,COMPLETE,533.1033333333334,86,20,0.3817746045557662,,,52.0,-0.122,27.0,10.307144700082397,0.2397010395367999,3.8951418924729992,2.037458836062799,8.389536383787998,0.5642857142857143,6.8314796267987985,0.6666666666666666,PARTIAL,56.17559523809524,1.0,COMPLETE,78.07539682539682,1.0,COMPLETE,84.61538461538461,65.50925925925925,POSITION_GROUP_NEARBY_ERA_PERCENTILE,62.5,1.0,78.07539682539682,Defensive Anchor,5.807504486309721,1.3505824386766794,3.511514340559366,18.75,79.16666666666667,81.25,18.75,20.83333333333333,18.75,10.532924107142858,16.265707671957667,15.865384615384617,14.221338798161712,73.13831381911737,0.3214285714285714,55.53680254131206,1.0,63.732786639035616,0.9444444444444444,63.732786639035616,PARTIAL,95.23809523809524,91.8282772141949,91.8282772141949,COMPLETE,59.210526315789465,88.56650212435436,88.56650212435436,COMPLETE,91.8282772141949,91.8282772141949,OBSERVED_PRODUCTION_GEOMEAN_FIT_DESCRIPTIVE_ONLY,78.58377635799825,98.4126984126984,68.82918716666853,79.37782863966656,82.7497071435099,1.0,COMPLETE,93.10745109747745,81.25,81.25,76.48071514415838,79.37782863966656,62.96985404797808,COVERAGE_SHRUNK,36.97549864437259,BASKETBALL_REFERENCE_SRS,84.62406579709881,3.5,-0.13024501355627408,0.1875,3.5572549864437257,88.18132078354253,1.0,CORE_GEOMEAN_RATE43_RUN22_RESPONSIBILITY15_FIT20_PLUS_BOUNDED_CONTEXT
3,2000-01,977,Kobe Bryant,Kobe,1610612747,LAL,22.0,16,15,1,0.938,693.5716666666667,168,358,0.469,11,34,0.324,124,151,0.821,29,87,116,97,51,25,12,29,53,0,471,213,815.7,5,0,769.0,892.0,17,1,10,10,7,3,2,55,21,21,65,2,3,56,16,11,10,6,4,6,14,188,181,17,3,1,4,6,2,4,4.0,1,110.4,111.5,111.5,95.2,95.6,95.6,15.2,16.0,16.0,0.25,1.9,17.0,0.042,0.119,0.082,8.9,8.9,0.485,0.5548487418716427,0.298,0.303,93.93,93.29,77.74,93.29,0.176,1347,10.5,22.4,16,9,9,27,38,38,12,9,9,28,53,66,79,73,75,76,77,64,47,11,10,61,86,86,10,4,7,4,Champion,SERIES_INFERENCE,POROUND_FILTER_IGNORED,43.34822916666667,29.4375,22.375,1.9019607843137256,94.73491975650248,83.10900631439017,86.04651162790697,100.0,89.3382977038948,92.09790079874702,89.3382977038948,1,2,406,Shaquille O'Neal,0.321,0.147,Kobe Bryant,Shaquille O'Neal,OWNER_REVIEWED,Owner-reviewed: Shaq was the primary star; Kobe was the second option.,OWNER_REVIEWED,26.224944320712694,1.893095768374165,2.060133630289532,0.2847642079806529,0.2734912146676853,0.2657534246575342,0.1794493316084519,0.1504539559014267,0.1304347826086956,12.726753163449937,7.659436713851978,95.53571428571428,14.959659581931009,5.4330405421211445,95.53571428571428,0.517702098085489,0.061755442690447,66.96428571428571,0.1892678571428571,0.0621701269189829,91.96428571428572,0.1445357142857143,0.08557786018043,83.03571428571429,2.4830384352452106,2.2399887242146264,43.75,31.296566822712222,9.298009630007009,91.96428571428572,2.0824518215982017,0.9965307191303636,61.60714285714286,56,45548,0.518947776882305,0.1828062034436439,0.3306875076321895,92.06428571428572,102.5375,0.0359009649893377,ALL_PLAYOFF_ROTATION_PLAYERS,5,5,1.0,46.8,24.6,0.5011408083441982,5.8,7.8,0.2445328031809145,0.2724935732647814,5,1.0,45.0,COMPLETE,True,Both stars played at least half of terminal-series games at 15+ MPG,0.5110097950271401,108.57888582002116,0.3527901374995818,89.19239904988123,160.80760095011877,HIGH,5.439201995012469,7.92,4,COMPLETE,,,,,,,0.0,0.0,0.0,0.0,NOT_MODELED,NOT_MODELED,NOT_MODELED,COMPLETE,NORMALIZED_NAME,6.5,6.0,0.6,25.0,0.26,2.6,1.2,3.8,1.5,13.3,10.7,91.07142857142856,94.64285714285714,57.14285714285714,96.42857142857144,99.10714285714286,96.42857142857144,13.636363636363637,68.18181818181817,SG,GUARD,,,,,,,,,NOT_MODELED,675.955,0,38,0.3567695961995249,,,,,,1.7647779729564117,0.6228628139846158,,,16.817295977584628,0.4845679012345679,7.837690409306417,0.5,PARTIAL,83.33333333333333,0.6666666666666666,PARTIAL,33.09659090909091,0.6666666666666666,PARTIAL,75.0,50.44642857142857,POSITION_GROUP_NEARBY_ERA_PERCENTILE,89.58333333333333,1.0,89.58333333333333,Pressure Valve,0.0,2.0238033596911036,,58.75,37.5,75.0,58.75,62.5,25.0,48.95833333333333,20.685369318181817,18.75,29.46456755050505,84.57977207977207,0.1709401709401709,63.96517368122963,1.0,73.5537885564125,0.6666666666666666,73.5537885564125,PARTIAL,91.07142857142856,85.55641663886968,85.55641663886968,COMPLETE,,85.55641663886968,85.55641663886968,COMPLETE,85.55641663886968,85.55641663886968,OBSERVED_PRODUCTION_GEOMEAN_FIT_DESCRIPTIVE_ONLY,92.10361954416686,97.7586835226499,78.24945230722803,69.75889362349753,84.09169450202036,1.0,COMPLETE,83.52126207910003,93.75,93.75,93.1509421077454,69.75889362349753,65.702525704275,COVERAGE_SHRUNK,81.24999999999997,BASKETBALL_REFERENCE_SRS,83.77248670542718,3.5,0.3124999999999997,0.375,4.1875,87.95998670542718,1.0,CORE_GEOMEAN_RATE43_RUN22_RESPONSIBILITY15_FIT20_PLUS_BOUNDED_CONTEXT
4,2025-26,1628384,OG Anunoby,OG,1610612752,NYK,28.0,17,14,3,0.824,585.8583333333333,111,198,0.561,44,90,0.489,76,89,0.854,15,92,107,28,10,26,19,17,45,61,342,163,637.4,2,0,611.0,640.0,26,10,49,18,13,10,14,35,5,11,23,7,9,51,33,9,15,49,74,8,7,221,215,10,8,6,11,20,5,12,14.0,1,116.2,117.3,117.3,103.5,103.8,103.8,12.7,13.4,13.4,0.072,2.8,10.1,0.027,0.151,0.092,3.6,3.6,0.672,0.721032214538708,0.183,0.188,98.76,98.15,81.79,98.15,0.157,1199,6.5,11.6,26,25,25,70,79,79,30,31,31,157,28,157,138,65,84,34,34,26,19,93,96,100,114,114,26,27,47,4,Champion,SERIES_INFERENCE,POROUND_FILTER_IGNORED,34.46225490196078,20.11764705882353,11.647058823529411,2.8,47.16610402637321,22.251301726500408,87.14285714285715,88.07163405810881,51.73112811711914,54.7152509212695,51.73112811711914,3,2,1628973,Jalen Brunson,0.317,0.271,Jalen Brunson,Karl-Anthony Towns,OWNER_REVIEWED,Owner-reviewed: Anunoby was New York's second option; Towns is treated as the third star.,OWNER_REVIEWED,21.39282735613011,5.629691409507923,2.8148457047539615,0.1553839164016356,0.122146822948797,0.0585774058577405,0.1277771719374772,0.1248541423570595,0.2317073170731707,13.54053126420646,6.268213691074433,84.82142857142857,16.594711914116758,4.810919579579436,84.82142857142857,0.5764925764472391,0.061555679393522,99.10714285714286,0.1897678571428571,0.05687046404877,50.89285714285714,0.1488571428571428,0.0798490604138808,13.392857142857142,5.178813007497501,2.4160713539958754,58.03571428571429,29.076331465165374,6.987513759725253,74.10714285714286,1.9141167976357585,0.9426676267564292,84.82142857142857,56,49952,0.5763567690411792,0.3954170899650073,0.2920194152838921,97.55232142857145,111.68035714285716,0.1446754454975288,ALL_PLAYOFF_ROTATION_PLAYERS,5,5,1.0,36.0,21.2,0.7142857142857143,1.0,4.8,0.2030651340996168,0.1399082568807339,5,1.0,39.0,COMPLETE,True,Both stars played at least half of terminal-series games at 15+ MPG,0.5618101383030321,128.3409047612797,0.3849966274375572,86.89885332876946,163.10114667123054,HIGH,4.022733188720173,8.28,4,COMPLETE,13.796327683615822,21.66277372262774,14.340963855421686,11.491872791519434,-7.866446039011919,-10.71553710291417,1062.0,411.0,166.0,283.0,COMPLETE,CONTEXTUAL_NOT_CAUSAL,LOW,COMPLETE,NORMALIZED_NAME,9.4,5.4,4.0,23.8,0.308,2.5,1.2,3.8,1.7,17.3,4.0,99.10714285714286,100.0,94.64285714285714,97.32142857142856,100.0,92.85714285714286,78.94736842105263,100.0,PF,BIG,,,60.0,0.483,0.528,-0.127,62.0,72.0,COMPLETE,701.515,124,0,0.3526707308255868,,,45.0,0.11,114.0,5.530347211356556,1.1675177446197176,3.686898140904371,3.809794745601183,6.636416653627868,0.6203703703703703,5.468898909008151,0.6666666666666666,PARTIAL,49.404761904761905,1.0,COMPLETE,75.60829156223893,1.0,COMPLETE,80.0,87.1031746031746,POSITION_GROUP_NEARBY_ERA_PERCENTILE,52.77777777777777,1.0,75.60829156223893,Defensive Anchor,6.363370704831686,0.0,2.309287755785692,70.0,61.111111111111114,12.499999999999996,70.0,38.888888888888886,87.5,34.583333333333336,29.40322449642625,70.0,44.6621859432532,68.22512138431888,0.4455445544554455,63.39095252357859,1.0,65.76363303976404,0.9444444444444444,65.76363303976404,PARTIAL,99.10714285714286,80.69434150890426,80.69434150890426,COMPLETE,36.84210526315789,76.30911788432962,76.30911788432962,COMPLETE,80.69434150890426,80.69434150890426,OBSERVED_PRODUCTION_GEOMEAN_FIT_DESCRIPTIVE_ONLY,45.727820310437515,98.65162369237952,78.85855363824757,90.6712453295419,76.39927575775926,1.0,COMPLETE,94.09614506952715,25.0,73.12470322826769,65.35227907699017,90.6712453295419,64.88787564866604,COVERAGE_SHRUNK,33.85016001931649,BASKETBALL_REFERENCE_SRS,83.57197039461816,3.5,-0.16149839980683509,0.3333333333333334,3.6718349335264984,87.24380532814466,1.0,CORE_GEOMEAN_RATE43_RUN22_RESPONSIBILITY15_FIT20_PLUS_BOUNDED_CONTEXT
5,2022-23,1627750,Jamal Murray,Jamal,1610612743,DEN,26.0,20,16,4,0.8,798.53,194,410,0.473,59,149,0.396,75,81,0.926,15,98,113,142,50,30,5,22,41,82,522,181,925.6,5,1,906.0,1024.0,9,1,71,12,4,3,3,81,1,3,47,8,9,29,36,9,13,2,5,2,45,213,199,6,4,2,4,7,2,4,4.0,1,118.5,119.4,119.4,107.9,108.9,108.9,10.6,10.5,10.5,0.269,2.84,22.4,0.02,0.122,0.072,7.9,7.8,0.545,0.5856745354995063,0.269,0.277,96.84,96.06,80.05,96.06,0.148,1604,9.7,20.5,23,20,20,74,86,86,17,18,18,26,39,42,132,97,117,100,101,82,68,31,32,131,155,155,22,10,13,4,Champion,SERIES_INFERENCE,POROUND_FILTER_IGNORED,39.9265,26.1,20.5,2.84,88.06675086814683,64.28739002932551,64.77272727272727,100.0,75.7060991742382,81.62667252177346,75.7060991742382,2,2,203999,Nikola Jokić,0.301,0.395,Nikola Jokić,Jamal Murray,OWNER_REVIEWED,Owner-reviewed: Jokic was the primary star; Murray was the second option.,OWNER_REVIEWED,24.407730673316703,6.966957605985037,1.6365336658354117,0.2300572939620978,0.2385107620709715,0.2757281553398058,0.1654984455958549,0.1262569832402234,0.0595238095238095,13.858254426678874,8.036653921323381,87.28813559322035,16.302033034410933,5.861409887430356,87.28813559322035,0.5702049542589005,0.065490393492109,65.2542372881356,0.187457627118644,0.0636418266774611,82.20338983050848,0.1443898305084745,0.0843939545085925,90.67796610169492,5.200042549084217,2.7076771790462204,73.72881355932203,29.464532982656596,8.014407446345722,92.3728813559322,1.859547094289429,0.8243639042638506,48.30508474576271,59,54433,0.5752466702686629,0.3850887812752219,0.2565577078288942,97.34322033898304,112.14406779661016,0.0104278652308433,ALL_PLAYOFF_ROTATION_PLAYERS,5,5,1.0,42.4,21.4,0.5506381226842322,10.0,6.2,0.2045889101338432,0.2292191435768261,5,1.0,41.0,COMPLETE,True,Both stars played at least half of terminal-series games at 15+ MPG,0.5664783636095112,103.38868580393437,0.3678911738641865,87.78857837181044,162.21142162818956,HIGH,0.0020496894409937,0.43,3,COMPLETE,13.12906548933039,-13.145323741007196,-1.903225806451613,8.177631578947368,26.274389230337587,36.35524661573657,1359.0,278.0,279.0,76.0,COMPLETE,CONTEXTUAL_NOT_CAUSAL,LOW,COMPLETE,NORMALIZED_NAME,4.8,4.1,0.7,21.6,0.181,2.0,1.0,3.0,1.4,13.8,10.1,86.4406779661017,89.83050847457628,39.83050847457627,91.52542372881356,96.61016949152544,91.52542372881356,16.666666666666664,66.66666666666666,PG,GUARD,,,62.0,0.435,0.615,-0.027,126.0,110.0,COMPLETE,788.8483333333334,76,20,0.3766520808951241,,,47.0,-0.099,131.0,6.717343117979287,0.2254141985899089,2.7951360625148713,5.680437804465706,11.766621166393248,0.5172413793103449,3.6517100171565255,0.6666666666666666,PARTIAL,86.97033898305085,1.0,COMPLETE,65.06591337099812,1.0,COMPLETE,75.0,27.860169491525426,POSITION_GROUP_NEARBY_ERA_PERCENTILE,35.416666666666664,1.0,65.06591337099812,Pressure Valve,3.4683473164465495,0.91272297801225,2.144898998328787,82.5,54.166666666666664,68.75,82.5,45.833333333333336,31.25,71.75052966101696,29.82187696170747,23.4375,41.66996887424147,78.33518952860015,0.1958224543080939,72.03618617615312,1.0,75.11969313719592,0.9444444444444444,75.11969313719592,PARTIAL,86.4406779661017,79.76143460310783,79.76143460310783,COMPLETE,93.42105263157896,81.12739640595494,81.12739640595494,COMPLETE,79.76143460310783,79.76143460310783,OBSERVED_PRODUCTION_GEOMEAN_FIT_DESCRIPTIVE_ONLY,89.75660093140502,94.03343394359456,63.71415918176708,56.05101512479363,75.19556342980282,1.0,COMPLETE,78.9636775833975,93.75,93.75,89.73132758900778,56.05101512479363,73.72415462957393,COVERAGE_SHRUNK,6.250000000000001,BASKETBALL_REFERENCE_SRS,82.50484391614278,3.5,-0.4375,0.25,3.3125,85.81734391614278,1.0,CORE_GEOMEAN_RATE43_RUN22_RESPONSIBILITY15_FIT20_PLUS_BOUNDED_CONTEXT
6,2004-05,1938,Manu Ginobili,Manu,1610612759,SAS,27.0,23,16,7,0.696,776.2166666666667,145,286,0.507,42,96,0.438,147,185,0.795,19,114,133,97,66,28,6,19,69,1,479,166,820.1,1,0,819.0,908.0,8,1,160,15,9,5,7,32,2,2,25,1,2,67,29,5,10,5,4,2,42,177,182,3,3,1,4,21,3,3,3.0,1,111.0,111.4,111.4,101.5,100.6,100.6,9.5,10.8,10.8,0.222,1.47,18.5,0.027,0.153,0.091,12.6,12.4,0.58,0.6518780620577028,0.25,0.258,90.75,91.0,75.83,91.0,0.179,1475,6.3,12.4,34,35,35,52,55,55,18,17,17,30,71,54,107,43,61,135,130,22,12,29,26,117,119,119,7,30,37,4,Champion,SERIES_INFERENCE,POROUND_FILTER_IGNORED,33.74855072463768,20.82608695652174,12.434782608695652,1.4696969696969695,74.25301788068556,88.74633431085044,97.41935483870968,73.17633458075254,84.3387628842444,80.28178275031021,84.3387628842444,2,2,1495,Tim Duncan,0.309,0.148,Tim Duncan,Manu Ginobili,AMBIGUOUS_HIERARCHY,Model proposal retained.,MODEL_PROPOSAL,24.35593220338983,4.88135593220339,1.728813559322034,0.2148945715567519,0.1625923820352473,0.2293144208037825,0.1393566726511071,0.137396694214876,0.0451127819548872,13.235005750669368,6.7045918001214435,86.8421052631579,15.89826819678689,5.035033660109637,92.10526315789474,0.5488761685581063,0.062311097464444,95.6140350877193,0.1924561403508772,0.0606529009373884,79.82456140350878,0.1302807017543859,0.0963203271228425,86.8421052631579,2.6090699339438426,2.2374553436677513,78.0701754385965,31.268722795657887,8.709064235788219,53.50877192982456,2.0900201563329026,1.0121370785062644,44.73684210526316,57,51312,0.5450246521057968,0.2119565217391304,0.3531499556344277,91.6880701754386,105.68070175438596,0.106853409951906,ALL_PLAYOFF_ROTATION_PLAYERS,7,7,1.0,36.0,18.714285714285715,0.6356754658385093,4.0,5.857142857142857,0.2205387205387205,0.1689860834990059,7,1.0,40.714285714285715,COMPLETE,True,Both stars played at least half of terminal-series games at 15+ MPG,0.533965580009062,122.08241251180269,0.3790635878138852,89.15600138360429,160.8439986163957,HIGH,2.8162857142857143,3.31,3,COMPLETE,,,,,,,0.0,0.0,0.0,0.0,NOT_MODELED,NOT_MODELED,NOT_MODELED,COMPLETE,NORMALIZED_NAME,9.2,6.1,3.1,24.8,0.26,3.0,1.2,4.2,2.2,17.2,15.2,100.0,98.27586206896552,96.55172413793105,100.0,98.27586206896552,88.79310344827587,54.166666666666664,100.0,SG,GUARD,,,,,,,,,NOT_MODELED,865.9333333333333,5,52,0.3535529466023697,,,,,,4.452365104244949,0.2782728190153093,,,8.81197260215146,0.5421052631578948,8.580078586305369,0.5,PARTIAL,82.6388888888889,0.6666666666666666,PARTIAL,79.93421052631578,0.6666666666666666,PARTIAL,85.71428571428571,67.02586206896552,POSITION_GROUP_NEARBY_ERA_PERCENTILE,39.583333333333336,1.0,79.93421052631578,Defensive Anchor,0.2078681961659866,2.1618292401262607,,56.25,34.375,93.75,56.25,65.625,6.25,46.48437500000001,52.45682565789473,5.357142857142857,34.76611450501253,81.40358518246836,0.048780487804878,60.29916300406424,1.0,70.06117364156047,0.6666666666666666,70.06117364156047,PARTIAL,100.0,91.56629856803129,91.56629856803129,COMPLETE,,91.56629856803129,91.56629856803129,COMPLETE,91.56629856803129,91.56629856803129,OBSERVED_PRODUCTION_GEOMEAN_FIT_DESCRIPTIVE_ONLY,40.3962275057327,99.13418283769006,42.608226242531224,72.65545015453418,64.71609598456594,1.0,COMPLETE,95.85218812350487,87.5,87.5,55.89352942516251,72.65545015453418,63.374115761040315,COVERAGE_SHRUNK,19.764235376052376,BASKETBALL_REFERENCE_SRS,81.98693311239784,3.5,-0.30235764623947625,-0.0625,3.1351423537605236,85.12207546615836,1.0,CORE_GEOMEAN_RATE43_RUN22_RESPONSIBILITY15_FIT20_PLUS_BOUNDED_CONTEXT
7,2010-11,2548,Dwyane Wade,Dwyane,1610612748,MIA,29.0,21,14,7,0.667,827.815,181,373,0.485,14,52,0.269,139,179,0.777,43,107,150,92,64,34,28,26,53,116,515,47,955.0,5,0,895.0,1035.0,1,8,172,22,3,2,3,44,23,15,82,3,2,75,7,7,7,5,4,3,4,192,185,3,2,20,2,9,5,2,2.0,1,103.4,104.9,104.9,100.2,101.8,101.8,3.2,3.2,3.2,0.239,1.44,15.1,0.056,0.134,0.096,10.5,10.5,0.504,0.5699929165928812,0.299,0.301,89.32,87.99,73.33,87.99,0.174,1517,8.6,17.8,84,64,64,58,73,73,62,58,58,25,66,68,62,60,59,91,96,68,53,10,9,120,151,151,14,5,9,3,Finals,SERIES_INFERENCE,POROUND_FILTER_IGNORED,39.419761904761906,24.52380952380953,17.761904761904763,1.4375,100.0,81.6361692015209,100.0,80.70907784907453,93.52630465291,97.19907081260584,93.52630465291,2,2,2544,LeBron James,0.263,0.276,LeBron James,Dwyane Wade,OWNER_REVIEWED,Owner-reviewed: James was the primary star; Wade was the second option.,OWNER_REVIEWED,25.461437046802903,2.5708635464733027,3.065260382333553,0.2643737166324435,0.2423651721897335,0.2658959537572254,0.1626355599214145,0.1740139211136891,0.2204724409448819,11.5197099530525,6.8921076841697175,94.44444444444444,15.016759214081151,5.552795180651874,92.85714285714286,0.5336758327155487,0.0611491692345472,73.80952380952381,0.1863968253968253,0.0643466652069493,92.85714285714286,0.1281111111111111,0.0928870471451044,88.09523809523809,2.8945164012170825,2.657505486269762,50.0,28.965640225396584,8.80062468360359,84.92063492063492,2.087559235753856,0.876057618746247,83.33333333333334,63,49490,0.5384248749868726,0.2231769623780771,0.3406874129122155,89.58603174603176,104.268253968254,0.0315680416060085,ALL_PLAYOFF_ROTATION_PLAYERS,6,6,1.0,38.833333333333336,26.5,0.6136153133683235,5.166666666666667,7.0,0.2870036101083033,0.2410714285714285,6,1.0,43.666666666666664,COMPLETE,True,Both stars played at least half of terminal-series games at 15+ MPG,0.5294851364542746,107.65040930324676,0.3284763647815391,85.19986216402481,164.8001378359752,HIGH,4.378978805394991,6.53,4,COMPLETE,2.4328136073706603,3.597872340425534,16.58407643312102,9.639999999999995,-1.1650587330548738,-8.109135166175896,1411.0,329.0,157.0,30.0,COMPLETE,CONTEXTUAL_NOT_CAUSAL,LOW,COMPLETE,NORMALIZED_NAME,8.4,6.5,1.9,26.3,0.216,2.4,1.3,3.7,2.2,15.3,12.4,100.0,100.0,77.77777777777779,100.0,98.4126984126984,98.4126984126984,14.814814814814811,74.07407407407408,SG,GUARD,,,,,,,,,NOT_MODELED,921.5883333333334,85,25,0.3438801855642531,,,,,,2.2613748240850913,1.2176633668150494,,,13.959640740986814,0.5202492211838006,7.784347952139065,0.5,PARTIAL,70.73412698412699,0.6666666666666666,PARTIAL,22.453703703703702,0.6666666666666666,PARTIAL,88.88888888888889,73.26388888888889,POSITION_GROUP_NEARBY_ERA_PERCENTILE,64.58333333333333,1.0,64.58333333333333,Defensive Anchor,3.320354532844563,0.9765748626013422,,46.25,43.75,81.25,46.25,56.25,18.75,32.714533730158735,12.630208333333332,16.666666666666664,20.670469576719576,70.68810342006218,0.1546391752577319,55.176124359685126,1.0,62.45234651360695,0.6666666666666666,62.45234651360695,PARTIAL,100.0,89.31733557856235,89.31733557856235,COMPLETE,39.473684210526315,84.33297044175875,84.33297044175875,COMPLETE,89.31733557856235,89.31733557856235,OBSERVED_PRODUCTION_GEOMEAN_FIT_DESCRIPTIVE_ONLY,86.05528929940625,99.20317455237938,83.26407386033823,86.08123216661986,88.61780848815182,1.0,COMPLETE,88.16764485544437,93.75,93.75,81.6373446097226,86.08123216661986,58.30156434240463,COVERAGE_SHRUNK,62.186714819163775,BASKETBALL_REFERENCE_SRS,82.34513970624315,1.5,0.12186714819163776,0.4375,2.0593671481916376,84.40450685443479,1.0,CORE_GEOMEAN_RATE43_RUN22_RESPONSIBILITY15_FIT20_PLUS_BOUNDED_CONTEXT
8,2015-16,202681,Kyrie Irving,Kyrie,1610612739,CLE,24.0,21,16,5,0.762,773.71,201,423,0.475,51,116,0.44,77,88,0.875,15,47,62,98,48,36,13,22,46,64,530,145,850.4,0,0,839.0,935.0,10,1,142,6,4,2,2,66,4,5,33,8,8,41,32,39,41,5,7,4,18,212,199,11,3,4,4,49,4,5,4.0,1,115.7,117.7,117.7,106.3,107.7,107.7,9.4,10.0,10.0,0.222,2.04,16.3,0.02,0.063,0.041,8.0,7.9,0.535,0.5739409165728147,0.293,0.3,94.04,92.62,77.19,92.62,0.138,1491,9.6,20.1,14,8,8,135,147,147,34,28,28,40,44,82,126,161,152,88,85,66,59,21,23,108,154,154,35,3,5,4,Champion,SERIES_INFERENCE,POROUND_FILTER_IGNORED,36.843333333333334,25.238095238095237,20.142857142857142,2.0416666666666665,96.74605809128632,61.38135001800968,60.3896103896104,89.37331595595126,76.6788966371176,85.56966063685672,76.6788966371176,2,2,2544,LeBron James,0.301,0.349,LeBron James,Kyrie Irving,CLEAR,Model proposal retained.,MODEL_PROPOSAL,26.65995975855131,5.8350100603621735,2.4647887323943665,0.2409090909090909,0.2463599301106581,0.2197309417040358,0.1535138888888889,0.0682068206820682,0.146067415730337,12.371054139888775,6.739923989632318,92.62295081967213,15.707951884245748,5.532958160999728,99.18032786885246,0.5517874569737373,0.060215404810257,66.39344262295081,0.1898688524590164,0.0662636253628197,87.70491803278688,0.1378688524590164,0.1024548641781595,79.50819672131148,3.927288724587106,2.7231468414964755,76.22950819672131,28.50492392580427,7.213032103284304,86.0655737704918,2.0506619254755467,1.0107551547152778,74.59016393442623,61,53324,0.547542485370824,0.3182820539745878,0.2803738317757009,95.02639344262296,106.90655737704915,0.0263984312019907,ALL_PLAYOFF_ROTATION_PLAYERS,7,7,1.0,39.0,27.142857142857142,0.5637313078566342,3.857142857142857,3.857142857142857,0.2702702702702703,0.2668977469670711,7,1.0,42.0,COMPLETE,True,Both stars played at least half of terminal-series games at 15+ MPG,0.5339780462561203,107.48399126085538,0.3814668777495019,88.6168772563177,161.38312274368232,HIGH,5.836346516007534,10.38,4,COMPLETE,13.672706595905993,16.550526315789472,-7.179411764705883,-6.610112359550561,-2.8778197198834814,-2.3085203147281597,1319.0,285.0,204.0,178.0,COMPLETE,CONTEXTUAL_NOT_CAUSAL,LOW,COMPLETE,NORMALIZED_NAME,6.0,5.4,0.6,24.4,0.21,2.6,0.8,3.4,1.6,7.1,9.4,91.8032786885246,91.8032786885246,44.26229508196721,95.08196721311477,98.36065573770492,90.1639344262295,34.61538461538461,73.07692307692307,PG,GUARD,,,41.0,0.585,0.746,0.144,99.0,76.0,COMPLETE,822.0883333333334,94,27,0.3506304571404584,,,34.0,-0.223,142.0,5.397371108037895,0.6048777965904538,1.9076915123237388,4.606377066342686,14.284421811789947,0.4885993485342019,4.09455739230461,0.6666666666666666,PARTIAL,76.17827868852459,1.0,COMPLETE,56.94637102423987,1.0,COMPLETE,42.857142857142854,41.83743169398907,POSITION_GROUP_NEARBY_ERA_PERCENTILE,56.25,1.0,56.94637102423987,Pressure Valve,4.116345972553638,1.18235469424413,1.4888910964555715,63.125,22.916666666666668,90.625,63.125,77.08333333333333,9.375,48.087538422131146,43.89616099785157,4.017857142857142,32.00051885427995,64.17931357961439,0.0626740947075209,52.73512668542824,1.0,58.17649209263816,0.9444444444444444,58.17649209263816,PARTIAL,91.8032786885246,85.33127144463793,85.33127144463793,COMPLETE,52.63157894736842,82.06130219491098,82.06130219491098,COMPLETE,85.33127144463793,85.33127144463793,OBSERVED_PRODUCTION_GEOMEAN_FIT_DESCRIPTIVE_ONLY,85.47374200701205,96.70741772952542,83.61342842435111,66.77021609096535,82.99499571919432,1.0,COMPLETE,84.55441839674153,81.25,81.25,78.83274932979721,66.77021609096535,57.72224253193604,COVERAGE_SHRUNK,74.99999999999997,BASKETBALL_REFERENCE_SRS,79.84438957609282,3.5,0.24999999999999972,0.4375,4.1875,84.03188957609282,1.0,CORE_GEOMEAN_RATE43_RUN22_RESPONSIBILITY15_FIT20_PLUS_BOUNDED_CONTEXT
9,2003-04,406,Shaquille O'Neal,Shaquille,1610612747,LAL,32.0,22,13,9,0.591,920.5,182,307,0.593,0,0,0.0,109,254,0.429,91,200,291,55,55,7,61,11,90,0,473,91,1053.7,17,0,955.0,1078.0,7,11,184,55,4,2,5,8,96,128,96,4,1,148,2,3,2,14,5,50,1,166,189,18,3,7,1,1,5,1,2.0,1,101.6,102.3,102.3,96.5,98.0,98.0,5.2,4.3,4.3,0.115,1.0,10.4,0.104,0.222,0.164,10.4,10.4,0.593,0.5647626325341485,0.247,0.25,88.53,87.55,72.96,87.55,0.158,1688,8.3,14.0,17,15,15,83,105,105,25,40,40,89,88,115,18,10,6,78,77,11,32,29,29,147,173,173,15,5,30,3,Finals,SERIES_INFERENCE,POROUND_FILTER_IGNORED,41.84090909090909,21.5,13.954545454545457,1.0,74.23402255639098,26.4908256880734,100.0,89.71620709266091,67.12666708361147,75.38700758509454,67.12666708361147,2,2,977,Kobe Bryant,0.292,0.256,Kobe Bryant,Shaquille O'Neal,CLEAR,Model proposal retained.,MODEL_PROPOSAL,21.01599526066351,0.0,3.0213270142180093,0.2439401753481176,0.1873093349603416,0.110441767068273,0.1727016885553471,0.3288135593220339,0.6559139784946236,11.845539014125972,6.196392225523099,93.63636363636364,14.264077046947618,4.6101561318273445,90.0,0.5077188874125962,0.0552309482808586,84.54545454545455,0.1881636363636363,0.0574553624798064,79.0909090909091,0.1496181818181818,0.0838911612874012,47.27272727272727,2.755961765964016,2.1109070312447846,4.545454545454546,31.4002387012965,8.733675427794237,90.0,2.096036745806613,0.6985168514507067,90.0,55,48963,0.5097786303755767,0.2078199052132701,0.3494075829383886,90.002,98.17636363636365,0.0549840021585718,ALL_PLAYOFF_ROTATION_PLAYERS,5,5,1.0,42.6,26.6,0.6146025878003697,1.6,10.8,0.3251833740831296,0.2210526315789473,5,1.0,46.2,COMPLETE,True,Both stars played at least half of terminal-series games at 15+ MPG,0.5000360211582743,112.94438973135227,0.3241029641185647,81.0257410296412,168.97425897035882,HIGH,5.397662337662338,7.51,4,COMPLETE,,,,,,,0.0,0.0,0.0,0.0,NOT_MODELED,NOT_MODELED,NOT_MODELED,COMPLETE,NORMALIZED_NAME,5.5,4.5,1.0,24.8,0.202,2.6,1.3,3.9,1.7,25.4,11.6,94.54545454545456,98.1818181818182,36.36363636363637,96.36363636363636,100.0,92.72727272727272,13.636363636363637,86.36363636363636,C,BIG,,,,,,,,,NOT_MODELED,972.035,97,7,0.3026678415839804,,,,,,0.0,2.385659967409017,,,12.006518196632264,0.5928338762214984,9.933731667571973,0.5,PARTIAL,52.53787878787879,0.6666666666666666,PARTIAL,13.920454545454543,0.6666666666666666,PARTIAL,60.0,65.05681818181819,POSITION_GROUP_NEARBY_ERA_PERCENTILE,75.0,1.0,75.0,Defensive Anchor,3.592463234348558,0.2592499241282464,,61.25,34.375,43.75,61.25,65.625,56.25,32.17945075757576,9.135298295454543,33.75,25.02158301767677,62.87956355362499,0.3071672354948805,53.75108716748886,1.0,58.13643351311252,0.6666666666666666,58.13643351311252,PARTIAL,94.54545454545456,86.85103506531846,86.85103506531846,COMPLETE,,86.85103506531846,86.85103506531846,COMPLETE,86.85103506531846,86.85103506531846,OBSERVED_PRODUCTION_GEOMEAN_FIT_DESCRIPTIVE_ONLY,64.32278790240171,98.16498172140427,82.38046051796049,67.2004891177083,78.78773572944563,1.0,COMPLETE,89.60339719086532,68.75,93.74999999999997,79.88345660499137,67.2004891177083,55.42428900874168,COVERAGE_SHRUNK,81.00925873009825,BASKETBALL_REFERENCE_SRS,81.62788196028924,1.5,0.31009258730098255,0.4375,2.2475925873009825,83.87547454759023,1.0,CORE_GEOMEAN_RATE43_RUN22_RESPONSIBILITY15_FIT20_PLUS_BOUNDED_CONTEXT
10,2009-10,2200,Pau Gasol,Pau,1610612747,LAL,29.0,23,16,7,0.696,913.245,165,306,0.539,0,3,0.0,120,158,0.759,92,163,255,81,44,9,48,26,63,149,450,97,1004.5,13,0,900.0,1038.0,7,1,174,23,5,2,4,29,110,102,110,2,2,88,1,1,1,7,6,38,2,199,190,1,3,4,2,1,3,2,3.0,1,110.0,111.8,111.8,104.6,106.2,106.2,5.4,5.5,5.5,0.147,1.84,16.1,0.102,0.179,0.141,8.7,8.8,0.539,0.5991691521090754,0.207,0.207,93.36,91.93,76.61,91.93,0.165,1749,7.2,13.3,50,33,33,89,110,110,44,53,53,57,50,66,21,37,25,81,82,44,44,66,73,79,115,115,18,12,28,4,Champion,SERIES_INFERENCE,POROUND_FILTER_IGNORED,39.70630434782608,19.565217391304348,13.304347826086955,1.8409090909090908,45.30897473629426,62.25679520930416,100.0,97.38668731506316,66.66996282306212,60.545847465274846,66.66996282306212,2,2,977,Kobe Bryant,0.326,0.25,Kobe Bryant,Pau Gasol,CLEAR,Model proposal retained.,MODEL_PROPOSAL,19.2967409948542,0.1286449399656946,2.444253859348199,0.1935483870967742,0.1638993036957686,0.1792035398230088,0.1654429347826086,0.2583586626139817,0.3356643356643357,12.924128779476218,6.124157519889224,88.39285714285714,16.04716962721104,4.692696700342907,74.10714285714286,0.5572696804512256,0.0504907590734256,75.89285714285714,0.1927142857142857,0.0526846122444394,59.82142857142857,0.1343928571428571,0.0989259605122199,74.10714285714286,3.114113607057574,2.620878935084517,18.75,30.365641202116553,7.638837510390997,88.39285714285714,1.9185244840570623,0.8725833197570031,77.67857142857143,56,48118,0.5576281701635099,0.2443799854967367,0.3660865361372976,91.67357142857144,108.37857142857142,0.0415409819455655,ALL_PLAYOFF_ROTATION_PLAYERS,7,7,1.0,41.857142857142854,18.571428571428573,0.5563163300239644,3.7142857142857144,11.571428571428571,0.2050473186119873,0.1685393258426966,7,1.0,41.285714285714285,COMPLETE,True,Both stars played at least half of terminal-series games at 15+ MPG,0.5433689349683445,110.26930572392432,0.3451208968960035,87.31558691468891,162.6844130853111,HIGH,3.88248730964467,5.33,3,COMPLETE,5.862707692307691,8.876536312849163,-2.563535911602209,-0.9795454545454536,-3.0138286205414726,-1.429838163484717,1625.0,179.0,181.0,176.0,COMPLETE,CONTEXTUAL_NOT_CAUSAL,LOW,COMPLETE,NORMALIZED_NAME,5.9,4.6,1.2,24.0,0.224,3.2,1.1,4.3,1.8,20.6,10.5,92.85714285714286,90.17857142857144,67.85714285714286,98.21428571428572,100.0,89.28571428571429,45.65217391304348,86.95652173913044,C,BIG,,,,,,,,,NOT_MODELED,922.695,131,16,0.3577836926894722,,,,,,0.1182596126997684,1.8921538031962943,,,11.944220882676609,0.5445544554455446,6.228339602187803,0.5,PARTIAL,61.30952380952382,0.6666666666666666,PARTIAL,34.85054347826087,0.6666666666666666,PARTIAL,87.5,80.80357142857143,POSITION_GROUP_NEARBY_ERA_PERCENTILE,64.58333333333333,1.0,64.58333333333333,Defensive Anchor,5.111114723716938,0.6242582868661909,,69.375,75.0,50.0,69.375,25.0,50.0,42.533482142857146,8.712635869565217,43.75,31.665372670807457,70.94671201814059,0.3463203463203463,67.40737658150778,1.0,69.15440502402278,0.6666666666666666,69.15440502402278,PARTIAL,92.85714285714286,74.7624056518132,74.7624056518132,COMPLETE,56.57894736842105,72.94405982347399,72.94405982347399,COMPLETE,74.7624056518132,74.7624056518132,OBSERVED_PRODUCTION_GEOMEAN_FIT_DESCRIPTIVE_ONLY,51.64414117096075,99.10312089651156,59.95851525441241,77.78447514465037,70.84465517081081,1.0,COMPLETE,80.53019730102116,56.25,87.2765002735559,71.06824679921615,77.78447514465037,62.769603349348515,COVERAGE_SHRUNK,37.5,BASKETBALL_REFERENCE_SRS,78.70506794111645,3.5,-0.125,0.1875,3.5625,82.26756794111645,1.0,CORE_GEOMEAN_RATE43_RUN22_RESPONSIBILITY15_FIT20_PLUS_BOUNDED_CONTEXT
