TEAM_ID,TEAM_ABBREVIATION,PRIMARY_PLAYER_ID,PRIMARY,PRIMARY_ROLE_SCORE,PRIMARY_PPG,PRIMARY_USG_PCT,PRIMARY_AST_PCT,PRIMARY_SCORING_LOAD,PRIMARY_CREATION_ENGINE,PRIMARY_IMPACT_SIGNAL,SECONDARY_PLAYER_ID,SECONDARY,SECONDARY_ROLE_SCORE,SECONDARY_PPG,SECONDARY_USG_PCT,SECONDARY_AST_PCT,SECONDARY_SCORING_LOAD,SECONDARY_CREATION_ENGINE,SECONDARY_IMPACT_SIGNAL,THIRD,THIRD_ROLE_SCORE,HIERARCHY_MARGIN,SECONDARY_MARGIN,ROLE_REVIEW_STATUS,SEASON,MODEL_PRIMARY,MODEL_SECONDARY,PAIRING_SOURCE,EDITORIAL_NOTE,FINAL_PRIMARY,FINAL_SECONDARY
1610612754,IND,397,Reggie Miller,76.85066925049884,23.954545454545453,0.246,0.12,97.6536312849162,26.822311036735304,100.0,147,Jalen Rose,78.59075721894581,20.82608695652174,0.244,0.146,90.11736489601475,27.644700365362162,61.25000000000001,Travis Best,56.85788554636878,8.443154174169962,21.732871672577033,CLEAR,1999-00,Reggie Miller,Jalen Rose,MODEL_PROPOSAL,,Reggie Miller,Jalen Rose
1610612747,LAL,406,Shaquille O'Neal,80.59466019417475,30.73913043478261,0.312,0.141,100.0,35.315533980582515,100.0,977,Kobe Bryant,63.748826515227236,21.136363636363637,0.263,0.197,70.86839952264535,59.47384015285123,37.68115942028986,Glen Rice,28.97512522953778,20.784107558024118,34.773701285689455,CLEAR,1999-00,Shaquille O'Neal,Kobe Bryant,MODEL_PROPOSAL,,Shaquille O'Neal,Kobe Bryant
1610612752,NYK,84,Latrell Sprewell,75.48301171925026,18.6875,0.245,0.164,96.75675675675674,55.33912529325373,60.71428571428572,275,Allan Houston,69.54517335023979,17.5625,0.229,0.079,85.1302054971196,21.115619854151966,38.095238095238095,Patrick Ewing,69.73432554698749,21.092503867698063,-0.189152196747699,EDITORIAL_REVIEWED,1999-00,Latrell Sprewell,Patrick Ewing,EDITORIAL_REVIEWED,Editorial correction: Houston's scoring responsibility puts him ahead of Ewing as the second option.,Latrell Sprewell,Allan Houston
1610612757,POR,937,Scottie Pippen,85.5070479306192,14.9375,0.209,0.198,78.9717616340124,79.72781092338079,100.0,739,Rasheed Wallace,91.93286431477708,17.875,0.225,0.094,100.0,27.84477223713021,96.36363636363636,Steven Smith,74.55053672820621,8.187047350234266,17.382327586570867,CLEAR,1999-00,Scottie Pippen,Rasheed Wallace,MODEL_PROPOSAL,,Scottie Pippen,Rasheed Wallace
1610612747,LAL,406,Shaquille O'Neal,79.46511140594843,30.4375,0.321,0.147,98.77622377622377,33.909574468085104,100.0,977,Kobe Bryant,92.09790079874702,29.4375,0.298,0.25,94.73491975650249,83.10900631439017,86.04651162790697,Derek Fisher,31.89709597898748,-9.873186297946361,60.20080481975954,OWNER_REVIEWED,2000-01,Kobe Bryant,Shaquille O'Neal,OWNER_REVIEWED,Owner-reviewed: Shaq was the primary star; Kobe was the second option.,Shaquille O'Neal,Kobe Bryant
1610612749,MIL,951,Ray Allen,95.52584077192104,25.11111111111111,0.244,0.266,97.24324324324326,88.76181158207915,100.0,299,Glenn Robinson,77.94790363265913,19.444444444444443,0.261,0.159,87.33055085397753,42.74906162026901,63.70967741935484,Sam Cassell,74.47445873908738,18.651022115530353,3.4734448935717523,AMBIGUOUS_SECONDARY,2000-01,Ray Allen,Glenn Robinson,MODEL_PROPOSAL,,Ray Allen,Glenn Robinson
1610612755,PHI,947,Allen Iverson,98.0245895826685,32.86363636363637,0.358,0.28,100.0,94.39569076575778,98.82352941176471,243,Aaron McKie,45.42475707664471,14.608695652173912,0.193,0.238,31.691620277491783,87.79069767441861,62.352941176470566,Dikembe Mutombo,37.83312944896446,39.84695098168949,7.591627627680246,AMBIGUOUS_SECONDARY,2000-01,Allen Iverson,Aaron McKie,MODEL_PROPOSAL,,Allen Iverson,Aaron McKie
1610612759,SAS,1495,Tim Duncan,86.50753408275531,24.384615384615383,0.31,0.191,100.0,55.02511360918441,100.0,764,David Robinson,65.40013891055288,16.615384615384617,0.262,0.1,63.94935010992056,23.513257252195306,91.91176470588233,Antonio Daniels,45.366703487200134,27.7964930139494,20.03343542335275,CLEAR,2000-01,Tim Duncan,David Robinson,MODEL_PROPOSAL,,Tim Duncan,David Robinson
1610612738,BOS,1718,Paul Pierce,86.00073464059088,24.625,0.295,0.195,98.36544074722708,56.64880688319237,100.0,952,Antoine Walker,78.36165744082143,22.125,0.264,0.147,89.32274875772633,36.35204081632653,58.333333333333336,Kenny Anderson,41.28518033601821,19.782689559269045,37.076477104803224,CLEAR,2001-02,Paul Pierce,Antoine Walker,MODEL_PROPOSAL,,Paul Pierce,Antoine Walker
1610612747,LAL,406,Shaquille O'Neal,80.40842524819558,28.473684210526315,0.313,0.136,96.40672782874617,41.3265306122449,100.0,977,Kobe Bryant,86.00164174848217,26.63157894736842,0.292,0.202,93.27064032232364,85.70169983416253,59.02777777777778,Robert Horry,25.185555489137073,-2.3672852754270792,60.8160862593451,EDITORIAL_REVIEWED,2001-02,Kobe Bryant,Shaquille O'Neal,EDITORIAL_REVIEWED,Editorial sanity correction: Shaq remained the primary star; Kobe was the second option.,Shaquille O'Neal,Kobe Bryant
1610612751,NJN,467,Jason Kidd,100.0,19.55,0.247,0.388,100.0,100.0,100.0,2030,Kenyon Martin,63.948013133142624,16.8,0.237,0.128,82.82718062766962,22.746098190602503,17.431192660550458,Keith Van Horn,47.112112076399136,51.338002752626764,16.835901056743488,CLEAR,2001-02,Jason Kidd,Kenyon Martin,MODEL_PROPOSAL,,Jason Kidd,Kenyon Martin
1610612758,SAC,185,Chris Webber,97.56214555765595,23.6875,0.268,0.212,100.0,91.87381852551985,100.0,1710,Mike Bibby,72.09209087276803,20.25,0.217,0.197,69.67228963372483,93.09815950920247,62.88659793814432,Peja Stojakovic,39.44380186126284,21.124165294571412,32.648289011505184,CLEAR,2001-02,Chris Webber,Mike Bibby,MODEL_PROPOSAL,,Chris Webber,Mike Bibby
1610612742,DAL,1717,Dirk Nowitzki,75.43311928219563,25.294117647058822,0.25,0.086,97.42857142857142,21.53896903589022,100.0,89,Nick Van Exel,74.86713601426685,19.45,0.262,0.223,82.86156551781552,63.59393890182069,56.30252100840336,Steve Nash,61.50190598668331,5.7474608165983625,13.365230027583536,CLEAR,2002-03,Dirk Nowitzki,Nick Van Exel,MODEL_PROPOSAL,,Dirk Nowitzki,Nick Van Exel
1610612765,DET,1497,Chauncey Billups,80.10197820264624,18.0,0.254,0.276,76.73950561366432,86.23751387347392,80.0,1888,Richard Hamilton,86.88134073700813,22.529411764705884,0.294,0.164,100.0,33.99308290244153,70.96774193548386,Tayshaun Prince,42.544821056567315,7.873633788375599,44.336519680440816,OWNER_REVIEWED,2002-03,Chauncey Billups,Richard Hamilton,OWNER_REVIEWED,Owner-reviewed: Billups was the offensive engine; Hamilton was the scoring finisher.,Chauncey Billups,Richard Hamilton
1610612751,NJN,467,Jason Kidd,97.56877506599965,20.1,0.241,0.356,97.77777777777776,94.85887984962848,100.0,2030,Kenyon Martin,81.7068642125959,18.9,0.251,0.142,95.01052631578946,23.73830683153681,66.66666666666666,Richard Jefferson,51.358424053201155,31.533547732710403,30.348440159394748,CLEAR,2002-03,Jason Kidd,Kenyon Martin,MODEL_PROPOSAL,,Jason Kidd,Kenyon Martin
1610612759,SAS,1495,Tim Duncan,96.58786416496822,24.708333333333332,0.264,0.25,100.0,88.62621388322742,100.0,2225,Tony Parker,53.00747478361026,14.666666666666666,0.235,0.192,62.32506302572509,66.79569988250257,15.340909090909092,Stephen Jackson,38.58184297151484,45.03546970674327,14.425631812095425,CLEAR,2002-03,Tim Duncan,Tony Parker,MODEL_PROPOSAL,,Tim Duncan,Tony Parker
1610612765,DET,1497,Chauncey Billups,65.48509261636245,16.434782608695652,0.215,0.286,51.88749447147279,93.22440778341794,54.54545454545456,1888,Richard Hamilton,88.18104197254193,21.47826086956522,0.269,0.224,100.0,58.17405608905558,61.81818181818184,Rasheed Wallace,26.538343063310446,-12.421669664899682,61.642698909231484,OWNER_REVIEWED,2003-04,Richard Hamilton,Chauncey Billups,OWNER_REVIEWED,Owner-reviewed: Billups was the offensive engine; Hamilton was the scoring finisher.,Chauncey Billups,Richard Hamilton
1610612754,IND,979,Jermaine O'Neal,70.87070625441393,19.1875,0.279,0.068,99.5427264932838,4.591342169399547,100.0,1897,Metta World Peace,83.65692695430077,18.4,0.272,0.173,96.61178045515393,39.361927353737926,59.61538461538461,Reggie Miller,43.485719444323394,0.5135697123848217,40.17120750997738,EDITORIAL_REVIEW_REQUIRED,2003-04,Jermaine O'Neal,Metta World Peace,MODEL_PROPOSAL,Resolve Jermaine O'Neal/Artest hierarchy.,Jermaine O'Neal,Metta World Peace
1610612747,LAL,977,Kobe Bryant,91.6214364694005,24.5,0.292,0.256,100.0,82.82414307004471,87.09677419354837,406,Shaquille O'Neal,75.38700758509454,21.5,0.247,0.115,74.23402255639098,26.4908256880734,100.0,Karl Malone,41.093734935536524,24.49476938578904,34.29327264955801,CLEAR,2003-04,Kobe Bryant,Shaquille O'Neal,MODEL_PROPOSAL,,Kobe Bryant,Shaquille O'Neal
1610612750,MIN,708,Kevin Garnett,91.43276203685357,24.333333333333332,0.303,0.235,100.0,71.44254012284526,100.0,84,Latrell Sprewell,68.3629714584057,19.833333333333332,0.236,0.172,77.49289914031019,52.24338031019059,39.568345323741006,Sam Cassell,62.4091207220326,26.609259301648166,5.953850736373099,AMBIGUOUS_SECONDARY,2003-04,Kevin Garnett,Latrell Sprewell,MODEL_PROPOSAL,,Kevin Garnett,Latrell Sprewell
1610612765,DET,1497,Chauncey Billups,89.73821854024622,18.68,0.215,0.287,76.35772488317757,100.0,100.0,1888,Richard Hamilton,75.00887560736184,20.04,0.247,0.186,100.0,50.08875607361845,0.0,Rasheed Wallace,42.251897348156575,29.71159171816069,32.75697825920527,OWNER_REVIEWED,2004-05,Chauncey Billups,Richard Hamilton,OWNER_REVIEWED,Owner-reviewed: Billups was the offensive engine; Hamilton was the scoring finisher.,Chauncey Billups,Richard Hamilton
1610612748,MIA,2548,Dwyane Wade,95.39068825910931,27.428571428571427,0.326,0.313,100.0,84.63562753036437,100.0,406,Shaquille O'Neal,59.87152839530665,19.384615384615383,0.307,0.111,71.26435477461366,23.484735411730316,39.36170212765957,Damon Jones,32.55969561075565,46.67021636872705,27.311832784551,CLEAR,2004-05,Dwyane Wade,Shaquille O'Neal,MODEL_PROPOSAL,,Dwyane Wade,Shaquille O'Neal
1610612756,PHX,959,Steve Nash,87.75336172768087,23.866666666666667,0.259,0.428,75.31279386748095,94.54123112659698,100.0,2405,Amar'e Stoudemire,87.5906892301036,29.933333333333334,0.304,0.05,100.0,0.0,93.20388349514562,Joe Johnson,44.632125363030994,20.502478322819982,42.95856386707261,OWNER_REVIEWED,2004-05,Steve Nash,Amar'e Stoudemire,OWNER_REVIEWED,Owner-reviewed: Nash drove the offense; Stoudemire was the lead scoring complement.,Steve Nash,Amar'e Stoudemire
1610612759,SAS,1495,Tim Duncan,86.48298965788189,23.565217391304348,0.309,0.148,100.0,54.94329885960627,100.0,1938,Manu Ginobili,80.28178275031021,20.82608695652174,0.25,0.222,74.25301788068556,88.74633431085044,97.41935483870967,Tony Parker,66.77996032340725,2.1442267736374845,13.501822426902962,AMBIGUOUS_HIERARCHY,2004-05,Tim Duncan,Manu Ginobili,MODEL_PROPOSAL,,Tim Duncan,Manu Ginobili
1610612742,DAL,1717,Dirk Nowitzki,90.10362757543209,26.956521739130434,0.263,0.126,100.0,67.01209191810695,100.0,1891,Jason Terry,72.27804777811863,18.90909090909091,0.242,0.178,79.68760040836769,96.30681818181819,33.54838709677419,Josh Howard,59.276053109009105,16.808696908203018,13.001994669109529,CLEAR,2005-06,Dirk Nowitzki,Jason Terry,MODEL_PROPOSAL,,Dirk Nowitzki,Jason Terry
1610612765,DET,1497,Chauncey Billups,89.69974916955955,17.944444444444443,0.22,0.311,75.5945600088583,100.0,100.0,1888,Richard Hamilton,72.52145317595938,20.38888888888889,0.276,0.139,100.0,29.14942225156818,1.7241379310344844,Tayshaun Prince,64.43291565268481,36.26220464673484,8.088537523274567,OWNER_REVIEWED,2005-06,Chauncey Billups,Richard Hamilton,OWNER_REVIEWED,Owner-reviewed: Billups was the offensive engine; Hamilton was the scoring finisher.,Chauncey Billups,Richard Hamilton
1610612748,MIA,2548,Dwyane Wade,96.20317002881845,28.434782608695652,0.308,0.263,100.0,87.34390009606147,100.0,406,Shaquille O'Neal,56.926298586101176,18.434782608695652,0.284,0.103,64.97780501503532,20.454545454545453,50.74626865671642,Antoine Walker,35.675592132572746,48.893100172731195,21.25070645352843,CLEAR,2005-06,Dwyane Wade,Shaquille O'Neal,MODEL_PROPOSAL,,Dwyane Wade,Shaquille O'Neal
1610612756,PHX,959,Steve Nash,96.24494489446852,20.35,0.231,0.397,95.81673306772909,94.79062285744423,100.0,1890,Shawn Marion,85.62318425654603,20.35,0.212,0.058,94.24242424242424,14.345740162116428,89.65517241379312,Boris Diaw,79.54285896725162,25.75937549249224,6.080325289294407,AMBIGUOUS_SECONDARY,2005-06,Steve Nash,Shawn Marion,MODEL_PROPOSAL,,Steve Nash,Shawn Marion
1610612739,CLE,2544,LeBron James,100.0,25.05,0.293,0.371,100.0,100.0,100.0,980,Zydrunas Ilgauskas,36.76786022703579,12.55,0.19,0.05,34.39900384100557,0.6944444444444451,59.14634146341463,Drew Gooden,34.26770008358184,68.73568477115599,2.5001601434539467,AMBIGUOUS_SECONDARY,2006-07,LeBron James,Zydrunas Ilgauskas,MODEL_PROPOSAL,,LeBron James,Zydrunas Ilgauskas
1610612765,DET,1497,Chauncey Billups,90.35840380794025,18.5625,0.213,0.252,76.93510146503961,99.47742474916387,100.0,1888,Richard Hamilton,81.59111824395333,18.8125,0.238,0.184,100.0,67.16078795536544,26.530612244897945,Rasheed Wallace,54.991939829132825,19.008597360668944,26.599178414820507,OWNER_REVIEWED,2006-07,Chauncey Billups,Richard Hamilton,OWNER_REVIEWED,Owner-reviewed: Billups was the offensive engine; Hamilton was the scoring finisher.,Chauncey Billups,Richard Hamilton
1610612759,SAS,1495,Tim Duncan,80.81727186732252,22.2,0.295,0.173,98.58823529411764,38.61702127659574,100.0,2225,Tony Parker,86.90737400740053,20.75,0.287,0.287,95.17114963201217,91.51817803503197,54.47154471544716,Manu Ginobili,70.32819039643329,-3.3245275748537324,16.57918361096725,OWNER_REVIEWED,2006-07,Tony Parker,Tim Duncan,OWNER_REVIEWED,Owner-reviewed: Duncan was the structural primary; Parker was the second option.,Tim Duncan,Tony Parker
1610612762,UTA,101114,Deron Williams,84.48889058969664,19.235294117647058,0.252,0.381,80.6249678249678,99.00530008957898,70.1492537313433,2430,Carlos Boozer,92.60379042774426,23.529411764705884,0.27,0.145,100.0,26.426134590736417,100.0,Mehmet Okur,31.77746924471022,6.599873243805106,60.82632118303404,OWNER_REVIEWED,2006-07,Deron Williams,Carlos Boozer,OWNER_REVIEWED,Owner-reviewed: Williams was the offensive engine; Boozer was the scoring complement.,Deron Williams,Carlos Boozer
1610612738,BOS,708,Kevin Garnett,82.60898030633555,20.384615384615383,0.265,0.176,100.0,42.14658667315023,100.0,1718,Paul Pierce,77.37043845142088,19.653846153846153,0.256,0.221,90.51968419096588,51.65296788517537,41.836734693877546,Ray Allen,49.62927656138188,15.446032590927203,27.741161890039002,EDITORIAL_REVIEW_REQUIRED,2007-08,Kevin Garnett,Paul Pierce,MODEL_PROPOSAL,Potential Garnett/Pierce co-primary structure.,Kevin Garnett,Paul Pierce
1610612765,DET,1497,Chauncey Billups,84.45698671616074,16.066666666666666,0.235,0.305,66.43825135279074,100.0,100.0,1888,Richard Hamilton,92.06488054546271,21.647058823529413,0.276,0.195,100.0,45.90993204708167,88.6792452830189,Tayshaun Prince,48.649847533198354,3.776157497130754,43.41503301226436,OWNER_REVIEWED,2007-08,Chauncey Billups,Richard Hamilton,OWNER_REVIEWED,Owner-reviewed principle: Billups was the offensive engine; Hamilton was the scoring finisher.,Chauncey Billups,Richard Hamilton
1610612747,LAL,977,Kobe Bryant,95.9299628942486,30.142857142857142,0.325,0.264,100.0,86.43320964749537,100.0,2200,Pau Gasol,50.16697638643836,16.857142857142858,0.195,0.161,41.69879764054476,51.890567857862756,65.71428571428571,Lamar Odom,38.82732745855103,42.5238580606596,11.339648927887325,CLEAR,2007-08,Kobe Bryant,Pau Gasol,MODEL_PROPOSAL,,Kobe Bryant,Pau Gasol
1610612759,SAS,1495,Tim Duncan,80.02266043480068,20.176470588235293,0.279,0.156,93.04812227866475,42.67803841111596,100.0,2225,Tony Parker,94.91123240050993,22.41176470588235,0.286,0.305,100.0,91.84864864864865,79.36507936507937,Manu Ginobili,71.44149941361205,-12.226555663692949,23.46973298689788,OWNER_REVIEWED,2007-08,Tony Parker,Tim Duncan,OWNER_REVIEWED,Owner-reviewed: Duncan was the structural primary; Parker was the second option.,Tim Duncan,Tony Parker
1610612739,CLE,2544,LeBron James,99.84803124310864,35.285714285714285,0.358,0.389,100.0,100.0,100.0,2590,Mo Williams,38.11145656347036,16.285714285714285,0.212,0.18,41.849964717356386,48.61459096459097,8.737864077669903,Delonte West,30.596372165692475,62.03925446217568,7.515084397777887,AMBIGUOUS_SECONDARY,2008-09,LeBron James,Mo Williams,MODEL_PROPOSAL,,LeBron James,Mo Williams
1610612743,DEN,2546,Carmelo Anthony,84.39562780747599,27.1875,0.314,0.192,100.0,55.97934742758143,90.80459770114942,1497,Chauncey Billups,72.49520037941797,20.625,0.203,0.282,57.684923660643015,100.0,100.0,JR Smith,48.10455580855137,1.321658343218786,24.3906445708666,AMBIGUOUS_HIERARCHY,2008-09,Carmelo Anthony,Chauncey Billups,MODEL_PROPOSAL,,Carmelo Anthony,Chauncey Billups
1610612747,LAL,977,Kobe Bryant,99.50219950834519,30.217391304347824,0.326,0.26,100.0,98.34066502781731,100.0,2200,Pau Gasol,51.84423214109878,18.26086956521739,0.187,0.103,42.906468075400795,32.962352532963216,78.67647058823529,Lamar Odom,33.743790718094516,47.858290350092204,18.100441423004263,CLEAR,2008-09,Kobe Bryant,Pau Gasol,MODEL_PROPOSAL,,Kobe Bryant,Pau Gasol
1610612753,ORL,2730,Dwight Howard,72.81461761765787,20.304347826086957,0.233,0.093,92.35482929676103,21.05226352057266,100.0,1740,Rashard Lewis,78.16081399284997,18.958333333333332,0.218,0.127,91.12640224986681,40.06171910281499,49.6124031007752,Hedo Turkoglu,66.15975957416472,6.942440211672846,12.001054418685243,CLEAR,2008-09,Dwight Howard,Rashard Lewis,MODEL_PROPOSAL,,Dwight Howard,Rashard Lewis
1610612738,BOS,1718,Paul Pierce,72.569825389674,18.791666666666668,0.233,0.155,100.0,32.40054382957196,72.94117647058825,708,Kevin Garnett,78.91289623312608,15.0,0.218,0.139,80.65956447333788,34.617991117042344,97.6470588235294,Rajon Rondo,89.53335802406068,2.0158691102974586,-10.620461790934598,EDITORIAL_REVIEWED,2009-10,Rajon Rondo,Paul Pierce,EDITORIAL_REVIEWED,Owner-reviewed hierarchy; Garnett chosen over Allen as #2 because of his larger usage and two-way responsibility.,Paul Pierce,Kevin Garnett
1610612747,LAL,977,Kobe Bryant,98.02820753242693,29.17391304347826,0.326,0.25,100.0,93.42735844142314,100.0,2200,Pau Gasol,60.545847465274846,19.565217391304348,0.207,0.147,45.30897473629426,62.25679520930416,100.0,Lamar Odom,20.874639799730744,31.35824470936481,39.6712076655441,CLEAR,2009-10,Kobe Bryant,Pau Gasol,MODEL_PROPOSAL,,Kobe Bryant,Pau Gasol
1610612753,ORL,2730,Dwight Howard,64.74513373781716,18.142857142857142,0.261,0.075,89.96733449477352,0.7389162561576361,95.16129032258064,2749,Jameer Nelson,97.4772767626063,19.0,0.252,0.276,98.54838709677419,89.66950959488274,100.0,Vince Carter,63.679446651438916,-31.028948169572132,33.79783011116738,OWNER_REVIEWED,2009-10,Jameer Nelson,Dwight Howard,OWNER_REVIEWED,Owner-reviewed: Howard was the structural primary; Nelson was the next scoring/creation option.,Dwight Howard,Jameer Nelson
1610612756,PHX,959,Steve Nash,86.6122564267893,17.75,0.234,0.472,71.24162301907064,95.9812108559499,100.0,2405,Amar'e Stoudemire,79.5830321181452,22.1875,0.271,0.052,100.0,0.17814726840855122,47.826086956521735,Jason Richardson,70.59512387458142,29.602290507136303,8.98790824356378,OWNER_REVIEWED,2009-10,Steve Nash,Amar'e Stoudemire,OWNER_REVIEWED,Owner-reviewed: Nash remained the offensive engine; Stoudemire was the scoring complement.,Steve Nash,Amar'e Stoudemire
1610612741,CHI,201565,Derrick Rose,95.54198990299052,27.125,0.344,0.398,100.0,86.60140268848626,100.0,2736,Luol Deng,51.2115399388593,16.875,0.189,0.111,49.40166809004245,18.88066299800731,61.061946902654874,Carlos Boozer,43.04177999326833,49.85163704190763,8.169759945590975,CLEAR,2010-11,Derrick Rose,Luol Deng,MODEL_PROPOSAL,,Derrick Rose,Luol Deng
1610612742,DAL,1717,Dirk Nowitzki,79.24858499698209,27.714285714285715,0.311,0.13,100.0,30.82861665660695,100.0,1891,Jason Terry,60.138840887921205,17.523809523809526,0.232,0.18,61.01900893895564,54.1574047316714,57.324840764331206,J.J. Barea,48.00160064467477,19.21057869224763,12.137240243246438,CLEAR,2010-11,Dirk Nowitzki,Jason Terry,MODEL_PROPOSAL,,Dirk Nowitzki,Jason Terry
1610612748,MIA,2544,LeBron James,96.63318628854736,23.666666666666668,0.263,0.276,93.61218650058913,100.0,96.75324675324677,2548,Dwyane Wade,97.19907081260583,24.523809523809526,0.299,0.239,100.0,81.6361692015209,100.0,Chris Bosh,67.34135652396128,3.1068816356373645,29.857714288644544,OWNER_REVIEWED,2010-11,LeBron James,Dwyane Wade,OWNER_REVIEWED,Owner-reviewed: James was the primary star; Wade was the second option.,LeBron James,Dwyane Wade
1610612760,OKC,201142,Kevin Durant,79.21438623296208,28.647058823529413,0.281,0.135,92.6890756302521,40.46251993620415,100.0,201566,Russell Westbrook,85.570902299948,23.823529411764707,0.339,0.341,90.82206405693951,90.24966261808368,68.11594202898551,James Harden,43.27893989025113,-5.106729677817071,42.29196240969687,OWNER_REVIEWED,2010-11,Russell Westbrook,Kevin Durant,OWNER_REVIEWED,Owner-reviewed: Durant was Oklahoma City's primary star.,Kevin Durant,Russell Westbrook
1610612738,BOS,1718,Paul Pierce,67.63059309431753,18.85,0.258,0.148,97.49304233584472,28.30007412739743,63.85542168674699,708,Kevin Garnett,90.24171663549453,19.2,0.261,0.083,100.0,15.037324616450931,100.0,Rajon Rondo,92.82355497039853,-5.618588464467194,-2.581838334904006,OWNER_REVIEWED,2011-12,Rajon Rondo,Kevin Garnett,OWNER_REVIEWED,Owner-reviewed: Pierce was the first option; Garnett was the second.,Paul Pierce,Kevin Garnett
1610612748,MIA,2544,LeBron James,97.81970649895177,30.304347826086957,0.326,0.27,100.0,92.73235499650593,100.0,2548,Dwyane Wade,74.22338374610354,22.82608695652174,0.292,0.211,79.48922621365149,74.16695370405806,53.80116959064327,Chris Bosh,43.94641430263565,25.945180085917343,30.276969443467884,CLEAR,2011-12,LeBron James,Dwyane Wade,MODEL_PROPOSAL,,LeBron James,Dwyane Wade
1610612760,OKC,201142,Kevin Durant,82.17035400957396,28.5,0.285,0.163,95.90894636421453,46.02258487962712,100.0,201566,Russell Westbrook,85.42974646210403,23.05,0.302,0.27,90.20958083832336,89.46676970633693,67.6923076923077,James Harden,55.97982550304518,-1.9849665688320073,29.449920959058858,OWNER_REVIEWED,2011-12,Russell Westbrook,Kevin Durant,OWNER_REVIEWED,Owner-reviewed: Durant was Oklahoma City's primary star.,Kevin Durant,Russell Westbrook
1610612759,SAS,2225,Tony Parker,91.11431478968792,20.142857142857142,0.281,0.314,100.0,97.46438263229308,67.5,1495,Tim Duncan,82.19706334958646,17.357142857142858,0.249,0.143,81.79472140762462,47.75234127193412,100.0,Manu Ginobili,58.64478658823835,14.8154635376208,23.55227676134811,CLEAR,2011-12,Tony Parker,Tim Duncan,MODEL_PROPOSAL,,Tony Parker,Tim Duncan
1610612754,IND,202331,Paul George,95.39869550858653,19.210526315789473,0.241,0.239,100.0,87.78731836195507,96.25,201579,Roy Hibbert,76.95075689199616,17.0,0.217,0.072,81.33777444947948,0.0,100.0,David West,75.1348301670669,24.53298363295265,1.8159267249292697,AMBIGUOUS_SECONDARY,2012-13,Paul George,Roy Hibbert,MODEL_PROPOSAL,,Paul George,Roy Hibbert
1610612763,MEM,201188,Marc Gasol,77.4324437989994,17.2,0.201,0.145,85.55398641171476,44.03616411437831,100.0,2216,Zach Randolph,84.44355020873603,17.4,0.238,0.084,99.79508196721312,7.581227436823106,73.80952380952381,Mike Conley,95.90483330886315,12.730942404225829,-11.461283100127119,EDITORIAL_REVIEWED,2012-13,Mike Conley,Marc Gasol,EDITORIAL_REVIEWED,Owner-reviewed: Gasol was the structural centerpiece; Randolph gets #2 on scoring responsibility.,Marc Gasol,Zach Randolph
1610612748,MIA,2544,LeBron James,99.19413919413918,25.91304347826087,0.291,0.3,100.0,97.31379731379731,100.0,2548,Dwyane Wade,63.72004322908713,15.863636363636363,0.248,0.246,63.58170375036005,78.75933771358409,53.40909090909092,Chris Bosh,40.04650003956584,32.94719981447069,23.67354318952129,CLEAR,2012-13,LeBron James,Dwyane Wade,MODEL_PROPOSAL,,LeBron James,Dwyane Wade
1610612759,SAS,2225,Tony Parker,97.76890954132288,20.571428571428573,0.288,0.342,100.0,100.0,91.57894736842105,1495,Tim Duncan,80.63333881752185,18.142857142857142,0.259,0.098,84.2699286437876,13.383838383838384,100.0,Manu Ginobili,54.07512204117393,30.52628520798025,26.55821677634792,CLEAR,2012-13,Tony Parker,Tim Duncan,MODEL_PROPOSAL,,Tony Parker,Tim Duncan
1610612754,IND,202331,Paul George,93.41093814074446,22.57894736842105,0.256,0.178,100.0,78.03646046914822,100.0,2561,David West,64.31537724380681,15.105263157894736,0.219,0.197,60.93420275625565,92.5551185859762,57.6086956521739,Lance Stephenson,53.8008907615461,22.937653086197642,10.514486482260708,CLEAR,2013-14,Paul George,David West,MODEL_PROPOSAL,,Paul George,David West
1610612748,MIA,2544,LeBron James,96.57367173612482,27.4,0.31,0.253,100.0,88.57890578708276,100.0,2548,Dwyane Wade,64.68233486269668,17.8,0.272,0.209,69.288059778231,72.38670840567511,41.317365269461085,Chris Bosh,44.425115331945356,32.67014187337783,20.25721953075132,CLEAR,2013-14,LeBron James,Dwyane Wade,MODEL_PROPOSAL,,LeBron James,Dwyane Wade
1610612760,OKC,201142,Kevin Durant,80.21063307117718,29.63157894736842,0.31,0.179,96.63999999999999,39.83819489334196,98.4126984126984,201566,Russell Westbrook,94.03271448671623,26.68421052631579,0.338,0.384,93.3985477058076,90.91956059532247,100.0,Reggie Jackson,34.591839933220214,-13.65635660815164,59.440874553496016,OWNER_REVIEWED,2013-14,Russell Westbrook,Kevin Durant,OWNER_REVIEWED,Owner-reviewed: Durant was Oklahoma City's primary star.,Kevin Durant,Russell Westbrook
1610612759,SAS,2225,Tony Parker,80.54902978015146,17.391304347826086,0.279,0.26,100.0,86.28777856924799,40.322580645161295,1495,Tim Duncan,77.38994981074897,16.26086956521739,0.217,0.093,77.00379790906106,23.37481169859281,100.0,Manu Ginobili,73.74921659831949,12.735067106949188,3.640733212429481,OWNER_REVIEWED,2013-14,Tony Parker,Tim Duncan,OWNER_REVIEWED,"Owner-reviewed: Duncan, not Ginobili, was the secondary option.",Tony Parker,Tim Duncan
1610612737,ATL,200794,Paul Millsap,56.20723508255422,15.1875,0.218,0.15,76.04520942235162,32.2778238715998,46.376811594202906,201952,Jeff Teague,86.36825751003146,16.8125,0.261,0.34,94.90196078431373,82.4468085106383,62.31884057971014,Al Horford,75.7333572572079,-26.040835962511963,10.634900252823556,OWNER_REVIEWED,2014-15,Jeff Teague,Al Horford,OWNER_REVIEWED,Owner-reviewed: Millsap was the first option; Teague was the second.,Paul Millsap,Jeff Teague
1610612739,CLE,2544,LeBron James,98.46755637367694,30.05,0.368,0.442,100.0,94.89185457892316,100.0,202681,Kyrie Irving,52.931051947188244,19.0,0.226,0.189,50.31365103035864,55.035545023696685,54.71698113207547,JR Smith,32.05780975377875,44.37195912273525,20.873242193409496,CLEAR,2014-15,LeBron James,Kyrie Irving,MODEL_PROPOSAL,,LeBron James,Kyrie Irving
1610612744,GSW,201939,Stephen Curry,93.08861578266493,28.285714285714285,0.301,0.3,100.0,76.96205260888314,100.0,202691,Klay Thompson,50.07433917166771,18.61904761904762,0.233,0.118,63.54046223794594,15.131578947368423,14.893617021276595,Draymond Green,45.42490152147609,45.73951617947197,4.649437650191622,AMBIGUOUS_SECONDARY,2014-15,Stephen Curry,Klay Thompson,MODEL_PROPOSAL,,Stephen Curry,Klay Thompson
1610612745,HOU,201935,James Harden,95.33792458887316,27.176470588235293,0.289,0.338,100.0,85.3507465103475,100.0,2730,Dwight Howard,55.25354413680353,16.352941176470587,0.212,0.057,55.84691439323637,0.0,75.36231884057972,Josh Smith,54.8229708834983,45.20290791064334,0.43057325330522644,AMBIGUOUS_SECONDARY,2014-15,James Harden,Dwight Howard,MODEL_PROPOSAL,,James Harden,Dwight Howard
1610612739,CLE,2544,LeBron James,97.68379610965532,26.285714285714285,0.301,0.349,99.58677685950413,92.83028455284553,100.0,202681,Kyrie Irving,85.56966063685672,25.238095238095237,0.293,0.222,96.74605809128632,61.381350018009684,60.3896103896104,Kevin Love,50.56452735897658,21.004899472537716,35.00513327788015,CLEAR,2015-16,LeBron James,Kyrie Irving,MODEL_PROPOSAL,,LeBron James,Kyrie Irving
1610612744,GSW,201939,Stephen Curry,91.73448404091586,25.11111111111111,0.308,0.267,99.84191508581752,75.82362784471218,100.0,202691,Klay Thompson,79.9604977762176,24.25,0.275,0.113,92.90109071596046,19.736842105263158,66.3157894736842,Draymond Green,59.812590317254845,25.465614331579644,20.14790745896275,CLEAR,2015-16,Stephen Curry,Klay Thompson,MODEL_PROPOSAL,,Stephen Curry,Klay Thompson
1610612760,OKC,201142,Kevin Durant,69.60450866076692,28.38888888888889,0.312,0.144,97.10084033613445,26.57126577840112,71.17117117117118,201566,Russell Westbrook,95.59049574033514,26.0,0.335,0.484,94.20162812379198,100.0,100.0,Enes Freedom,31.66623419755729,-27.43558004862021,63.924261542777856,OWNER_REVIEWED,2015-16,Russell Westbrook,Kevin Durant,OWNER_REVIEWED,Owner-reviewed: Durant was Oklahoma City's primary star.,Kevin Durant,Russell Westbrook
1610612761,TOR,200768,Kyle Lowry,76.82799343195114,19.1,0.263,0.277,83.40380132399157,96.47554459515003,38.095238095238095,201942,DeMar DeRozan,79.34446632789003,20.9,0.301,0.143,100.0,46.78365920967647,24.489795918367342,Jonas Valanciunas,55.83315514119583,11.902305466207451,23.5113111866942,CLEAR,2015-16,Kyle Lowry,DeMar DeRozan,MODEL_PROPOSAL,,Kyle Lowry,DeMar DeRozan
1610612738,BOS,202738,Isaiah Thomas,87.96018306857115,23.266666666666666,0.303,0.329,100.0,81.32530120481928,75.3846153846154,201143,Al Horford,56.65266795174975,15.055555555555555,0.175,0.26,39.12202102048955,67.19852055042374,100.0,Avery Bradley,45.400296312745866,22.64831626185905,11.252371639003883,CLEAR,2016-17,Isaiah Thomas,Al Horford,MODEL_PROPOSAL,,Isaiah Thomas,Al Horford
1610612739,CLE,2544,LeBron James,96.87302215189874,32.833333333333336,0.311,0.33,100.0,89.57674050632912,100.0,202681,Kyrie Irving,76.4945401846512,25.88888888888889,0.299,0.236,86.19626438553072,66.06573939445774,49.31506849315068,Kevin Love,46.746378347442906,26.248646760081144,29.748161837208293,CLEAR,2016-17,LeBron James,Kyrie Irving,MODEL_PROPOSAL,,LeBron James,Kyrie Irving
1610612744,GSW,201142,Kevin Durant,81.77696737683567,28.533333333333335,0.279,0.179,97.26516840019815,42.903000055854726,100.0,201939,Stephen Curry,96.57018722884048,28.058823529411764,0.289,0.27,99.08431332508498,82.33277939343581,94.91525423728812,Draymond Green,44.8437015024678,-11.234460111285145,51.72648572637268,OWNER_REVIEWED,2016-17,Stephen Curry,Kevin Durant,OWNER_REVIEWED,Owner-reviewed: Durant was the primary option; Curry was the second.,Kevin Durant,Stephen Curry
1610612759,SAS,202695,Kawhi Leonard,96.44374282433984,27.666666666666668,0.29,0.222,100.0,88.14580941446613,100.0,2225,Tony Parker,63.23040565781674,15.875,0.261,0.217,63.966772512535755,85.4524547075941,51.948051948051955,LaMarcus Aldridge,53.35390893935901,29.51713675573562,9.87649671845773,CLEAR,2016-17,Kawhi Leonard,Tony Parker,MODEL_PROPOSAL,,Kawhi Leonard,Tony Parker
1610612738,BOS,1628369,Jayson Tatum,64.43014707680958,18.473684210526315,0.23,0.131,94.90077606940808,24.36964147369793,57.4712643678161,1627759,Jaylen Brown,77.2351948009256,18.0,0.24,0.082,98.29113924050633,6.920239341132686,44.82758620689656,Terry Rozier,82.45282967960382,8.142309907439198,-5.217634878678226,EDITORIAL_REVIEWED,2017-18,Terry Rozier,Jayson Tatum,EDITORIAL_REVIEWED,"Editorial correction: committee offense, but Tatum/Brown best represent the playoff scoring hierarchy.",Jayson Tatum,Jaylen Brown
1610612739,CLE,2544,LeBron James,100.0,34.0,0.344,0.453,100.0,100.0,100.0,201567,Kevin Love,42.748141694690176,14.904761904761905,0.236,0.087,44.29227099191127,8.535108958837771,50.24390243902438,George Hill,19.851185048842154,64.10570913956886,22.89695664584802,CLEAR,2017-18,LeBron James,Kevin Love,MODEL_PROPOSAL,,LeBron James,Kevin Love
1610612744,GSW,201142,Kevin Durant,87.5377099910692,28.952380952380953,0.303,0.2,100.0,58.86718936559738,100.0,201939,Stephen Curry,86.57700509069444,25.533333333333335,0.286,0.229,90.67515702942724,68.11538450858835,81.41592920353983,Klay Thompson,51.55117569292556,5.935620795836925,35.02582939776888,OWNER_REVIEWED,2017-18,Kevin Durant,Stephen Curry,OWNER_REVIEWED,Owner-reviewed: Durant was the primary option; Curry was the second.,Kevin Durant,Stephen Curry
1610612745,HOU,201935,James Harden,96.70153480723552,28.58823529411765,0.357,0.356,100.0,89.00511602411841,100.0,101108,Chris Paul,76.76060919802701,21.133333333333333,0.262,0.299,68.4338429812797,87.78571428571429,95.0,Clint Capela,44.22835125160024,14.742243497385587,32.532257946426775,CLEAR,2017-18,James Harden,Chris Paul,MODEL_PROPOSAL,,James Harden,Chris Paul
1610612744,GSW,201142,Kevin Durant,83.28649536661263,32.25,0.318,0.201,100.0,45.88957079695456,100.0,201939,Stephen Curry,81.25509281226834,28.181818181818183,0.28,0.231,86.03730774088456,60.995819554501786,71.73913043478261,Klay Thompson,45.529010072214845,7.754609056925929,35.7260827400535,OWNER_REVIEWED,2018-19,Kevin Durant,Stephen Curry,OWNER_REVIEWED,Owner-reviewed: Durant was the primary option; Curry was the second.,Kevin Durant,Stephen Curry
1610612749,MIL,203507,Giannis Antetokounmpo,93.36205783394763,25.533333333333335,0.31,0.255,100.0,77.9659090909091,100.0,203114,Khris Middleton,53.01263552244372,16.933333333333334,0.204,0.192,55.769978647040105,58.16203455921707,29.72972972972973,Eric Bledsoe,47.13492075983901,41.173023574934035,5.877714762604711,AMBIGUOUS_SECONDARY,2018-19,Giannis Antetokounmpo,Khris Middleton,MODEL_PROPOSAL,,Giannis Antetokounmpo,Khris Middleton
1610612757,POR,203081,Damian Lillard,95.32036613272311,26.875,0.286,0.269,98.35526315789474,86.59420289855072,100.0,203468,CJ McCollum,85.80737824995427,24.6875,0.273,0.16,93.60880398671097,50.206795187312004,75.60975609756098,Enes Freedom,41.88820843492558,19.09334203710614,43.91916981502869,CLEAR,2018-19,Damian Lillard,CJ McCollum,MODEL_PROPOSAL,,Damian Lillard,CJ McCollum
1610612761,TOR,202695,Kawhi Leonard,85.33250066454809,30.5,0.31,0.188,100.0,51.10833554849364,100.0,1627783,Pascal Siakam,55.230774181899626,18.958333333333332,0.228,0.126,57.43479427396072,36.70669200158231,48.29931972789115,Kyle Lowry,44.926027759930754,28.35051329698686,10.304746421968872,CLEAR,2018-19,Kawhi Leonard,Pascal Siakam,MODEL_PROPOSAL,,Kawhi Leonard,Pascal Siakam
1610612738,BOS,1628369,Jayson Tatum,94.89908195594916,25.705882352941178,0.275,0.211,100.0,82.99693985316384,100.0,202689,Kemba Walker,67.89856622121971,19.647058823529413,0.225,0.218,69.1895197824111,100.0,43.373493975903614,Jaylen Brown,66.94087289424768,22.12922098153703,0.9576933269720342,AMBIGUOUS_SECONDARY,2019-20,Jayson Tatum,Kemba Walker,MODEL_PROPOSAL,,Jayson Tatum,Kemba Walker
1610612743,DEN,203999,Nikola Jokić,89.33789372632968,24.42105263157895,0.289,0.277,93.53860749051313,75.66415262722566,100.0,1627750,Jamal Murray,94.890129456792,26.526315789473685,0.27,0.295,96.81564245810057,84.5249917245945,92.53731343283582,Michael Porter Jr.,36.94526668421438,-2.880189132497847,57.944862772577615,OWNER_REVIEWED,2019-20,Jamal Murray,Nikola Jokić,OWNER_REVIEWED,Owner-reviewed: Jokic was the offensive engine; Murray was the scoring complement.,Nikola Jokić,Jamal Murray
1610612747,LAL,2544,LeBron James,97.17486273826941,27.61904761904762,0.296,0.421,99.80463096960925,91.11388369030291,100.0,203076,Anthony Davis,84.53183546597509,27.714285714285715,0.271,0.156,93.68647807396302,30.20651455867031,78.07486631016044,Rajon Rondo,33.285398052678964,26.119600563543003,51.24643741329613,CLEAR,2019-20,LeBron James,Anthony Davis,MODEL_PROPOSAL,,LeBron James,Anthony Davis
1610612748,MIA,202710,Jimmy Butler III,94.59978369801489,22.238095238095237,0.244,0.262,93.86890496194056,90.17407237746221,100.0,201609,Goran Dragic,82.34071584690321,19.058823529411764,0.26,0.234,92.25667070952093,72.70909963217656,56.84210526315789,Bam Adebayo,75.95570975744181,17.939310338898707,6.385006089461399,OWNER_REVIEWED,2019-20,Jimmy Butler III,Goran Dragic,OWNER_REVIEWED,Owner-reviewed: Butler was Miami's primary star despite Dragic's higher usage.,Jimmy Butler III,Goran Dragic
1610612737,ATL,1629027,Trae Young,98.83378883774454,28.8125,0.342,0.421,100.0,96.11262945914845,100.0,203992,Bogdan Bogdanović,30.570516996813158,14.055555555555555,0.207,0.127,35.86693710555237,32.59288959229156,0.0,John Collins,29.16536986330488,63.36036114154856,1.4051471335082795,AMBIGUOUS_SECONDARY,2020-21,Trae Young,Bogdan Bogdanović,MODEL_PROPOSAL,,Trae Young,Bogdan Bogdanović
1610612746,LAC,202695,Kawhi Leonard,83.19989433350932,30.363636363636363,0.286,0.204,97.5194673302324,48.44329896907215,100.0,202331,Paul George,83.78970606892018,26.894736842105264,0.299,0.213,94.02666084531639,48.72376519464532,63.99999999999999,Reggie Jackson,49.92224578446744,9.972100436989166,33.86746028445274,OWNER_REVIEWED,2020-21,Kawhi Leonard,Paul George,OWNER_REVIEWED,Owner-reviewed: Leonard was the primary star; George was the second option.,Kawhi Leonard,Paul George
1610612749,MIL,203507,Giannis Antetokounmpo,90.45818113753626,30.19047619047619,0.314,0.242,100.0,69.73948905497465,100.0,203114,Khris Middleton,73.91917119161991,23.565217391304348,0.26,0.192,80.00837819906435,56.196077151692435,56.470588235294116,Jrue Holiday,63.55509010465471,19.421582396004965,10.3640810869652,CLEAR,2020-21,Giannis Antetokounmpo,Khris Middleton,MODEL_PROPOSAL,,Giannis Antetokounmpo,Khris Middleton
1610612756,PHX,101108,Chris Paul,82.06299227925739,19.2,0.24,0.383,58.79954833109636,100.0,100.0,1626164,Devin Booker,84.07511486285293,27.318181818181817,0.312,0.181,100.0,32.814640692021285,53.96825396825399,Deandre Ayton,42.28771071242773,13.726536579587503,41.787404150425196,CLEAR,2020-21,Chris Paul,Devin Booker,MODEL_PROPOSAL,,Chris Paul,Devin Booker
1610612738,BOS,1628369,Jayson Tatum,93.39116172784904,25.625,0.288,0.263,100.0,82.93085655314758,94.04761904761905,1627759,Jaylen Brown,82.35352845602533,23.083333333333332,0.265,0.167,86.10099270972724,45.095842269174476,88.09523809523809,Marcus Smart,55.17770671240184,19.138951090658708,27.175821743623487,CLEAR,2021-22,Jayson Tatum,Jaylen Brown,MODEL_PROPOSAL,,Jayson Tatum,Jaylen Brown
1610612742,DAL,1629029,Luka Dončić,91.60457959454969,31.666666666666668,0.396,0.369,100.0,75.0,100.0,1628973,Jalen Brunson,55.73804145465025,21.555555555555557,0.274,0.194,58.65900901383503,53.85382485802389,43.88489208633094,Spencer Dinwiddie,30.156370245514008,37.566280817436876,25.581671209136243,CLEAR,2021-22,Luka Dončić,Jalen Brunson,MODEL_PROPOSAL,,Luka Dončić,Jalen Brunson
1610612744,GSW,201939,Stephen Curry,96.8118388292327,27.363636363636363,0.304,0.269,100.0,90.49707602339181,100.0,203952,Andrew Wiggins,42.7619213672172,16.5,0.204,0.075,53.075576029055014,0.0,17.80821917808219,Jordan Poole,53.811282322762956,66.42840051037514,-11.049360955545758,EDITORIAL_REVIEWED,2021-22,Stephen Curry,Jordan Poole,EDITORIAL_REVIEWED,Research correction: Wiggins combined secondary scoring with the primary Tatum assignment and finished second on the official Finals MVP ladder.,Stephen Curry,Andrew Wiggins
1610612748,MIA,202710,Jimmy Butler III,98.75,27.41176470588235,0.28,0.229,100.0,95.83333333333334,100.0,1628389,Bam Adebayo,37.64390144177644,14.777777777777779,0.177,0.125,34.320556252009595,16.974617394550208,48.591549295774655,Tyler Herro,42.0912306035528,63.86173667752718,-4.447329161776359,OWNER_REVIEWED,2021-22,Jimmy Butler III,Tyler Herro,OWNER_REVIEWED,"Owner-reviewed: Adebayo, not Herro, was Miami's second option.",Jimmy Butler III,Bam Adebayo
1610612738,BOS,1628369,Jayson Tatum,92.95879081109973,27.15,0.29,0.214,100.0,76.52930270366576,100.0,1627759,Jaylen Brown,71.84174099588378,22.65,0.272,0.151,85.01748814448592,41.560509554140125,39.80582524271844,Marcus Smart,49.35376597873865,32.06902867837347,22.487975017145132,CLEAR,2022-23,Jayson Tatum,Jaylen Brown,MODEL_PROPOSAL,,Jayson Tatum,Jaylen Brown
1610612743,DEN,203999,Nikola Jokić,96.99455973632327,30.0,0.301,0.395,100.0,90.33613445378151,100.0,1627750,Jamal Murray,81.62667252177346,26.1,0.269,0.269,88.06675086814683,64.28739002932551,64.77272727272727,Michael Porter Jr.,38.168225380668716,21.288460562085064,43.45844714110474,OWNER_REVIEWED,2022-23,Nikola Jokić,Jamal Murray,OWNER_REVIEWED,Owner-reviewed: Jokic was the primary star; Murray was the second option.,Nikola Jokić,Jamal Murray
1610612747,LAL,2544,LeBron James,98.16255778120185,24.5,0.258,0.272,100.0,95.99383667180278,97.45762711864407,203076,Anthony Davis,83.08778257250229,22.5625,0.237,0.104,85.88737150867655,24.230169991592618,100.0,Austin Reaves,53.44512846129013,26.70058408755017,29.64265411121216,CLEAR,2022-23,LeBron James,Anthony Davis,MODEL_PROPOSAL,,LeBron James,Anthony Davis
1610612748,MIA,202710,Jimmy Butler III,95.7247999237805,26.90909090909091,0.281,0.259,100.0,85.7493330792683,100.0,1628389,Bam Adebayo,59.5807155312123,17.91304347826087,0.234,0.161,60.97193113796989,35.483870967741936,60.20408163265305,Gabe Vincent,29.2445470901773,41.28008890187963,30.336168441035,CLEAR,2022-23,Jimmy Butler III,Bam Adebayo,MODEL_PROPOSAL,,Jimmy Butler III,Bam Adebayo
1610612738,BOS,1628369,Jayson Tatum,94.92780238500852,25.0,0.28,0.251,100.0,83.09267461669506,100.0,1627759,Jaylen Brown,81.26471212946055,23.894736842105264,0.28,0.153,94.23305853518795,27.580645161290324,65.0,Derrick White,53.5710517712024,28.4552258570869,27.69366035825815,CLEAR,2023-24,Jayson Tatum,Jaylen Brown,MODEL_PROPOSAL,,Jayson Tatum,Jaylen Brown
1610612742,DAL,1629029,Luka Dončić,96.070281124498,28.863636363636363,0.324,0.35,100.0,86.90093708165998,100.0,202681,Kyrie Irving,65.37985386683708,22.136363636363637,0.24,0.204,71.10765067483604,52.16496094047176,45.669291338582674,P.J. Washington,31.19216169493992,35.75088317134644,34.18769217189716,CLEAR,2023-24,Luka Dončić,Kyrie Irving,MODEL_PROPOSAL,,Luka Dončić,Kyrie Irving
1610612754,IND,1630169,Tyrese Haliburton,87.46268084340298,18.666666666666668,0.214,0.32,77.92454380485438,88.33051030418382,100.0,1627783,Pascal Siakam,89.2983620941123,21.58823529411765,0.25,0.157,98.57142857142858,43.12955028060064,79.56989247311829,T.J. McConnell,68.23922803926119,10.202771212371786,21.059134054851114,OWNER_REVIEWED,2023-24,Tyrese Haliburton,Pascal Siakam,OWNER_REVIEWED,Owner-reviewed: Haliburton was the offensive engine; Siakam was the second option.,Tyrese Haliburton,Pascal Siakam
1610612750,MIN,1630162,Anthony Edwards,94.70293724966622,27.5625,0.289,0.277,100.0,82.34312416555407,100.0,1626157,Karl-Anthony Towns,64.69894280220949,19.0625,0.245,0.133,66.15794243445106,31.76959543016761,75.49019607843138,Mike Conley,40.99320219711713,36.41505116611442,23.70574060509236,CLEAR,2023-24,Anthony Edwards,Karl-Anthony Towns,MODEL_PROPOSAL,,Anthony Edwards,Karl-Anthony Towns
1610612754,IND,1630169,Tyrese Haliburton,84.77750711833049,17.347826086956523,0.219,0.371,74.03560453052012,93.87755102040816,87.99999999999999,1627783,Pascal Siakam,86.25321427953682,20.52173913043478,0.236,0.164,96.42857142857142,39.26400603636699,73.33333333333336,T.J. McConnell,50.15477140834667,11.111967821996458,36.09844287119015,OWNER_REVIEWED,2024-25,Tyrese Haliburton,Pascal Siakam,OWNER_REVIEWED,Owner-reviewed: Haliburton was the offensive engine; Siakam was the second option.,Tyrese Haliburton,Pascal Siakam
1610612750,MIN,1630162,Anthony Edwards,95.33783783783784,25.333333333333332,0.273,0.244,100.0,84.45945945945947,100.0,203944,Julius Randle,79.18618230346557,21.733333333333334,0.249,0.233,79.00713522114214,75.97521577611175,80.85106382978725,Jaden McDaniels,40.383782600625985,16.665842992946097,38.80239970283959,CLEAR,2024-25,Anthony Edwards,Julius Randle,MODEL_PROPOSAL,,Anthony Edwards,Julius Randle
1610612752,NYK,1628973,Jalen Brunson,99.64588426126888,29.444444444444443,0.315,0.32,100.0,100.0,100.0,1626157,Karl-Anthony Towns,68.67701131725346,21.444444444444443,0.24,0.063,67.01273489414181,10.31666856686809,100.0,Mikal Bridges,46.68381002772321,40.65872295417724,21.993201289530248,OWNER_REVIEWED,2024-25,Jalen Brunson,Karl-Anthony Towns,OWNER_REVIEWED,Owner-reviewed: Towns was New York's second option.,Jalen Brunson,Karl-Anthony Towns
1610612760,OKC,1628983,Shai Gilgeous-Alexander,98.30645161290323,29.91304347826087,0.322,0.308,100.0,94.35483870967742,100.0,1631114,Jalen Williams,69.05411096213486,21.391304347826086,0.259,0.214,68.32191864739035,70.38954519299645,67.14285714285715,Chet Holmgren,42.6718147568897,28.897768416873802,26.382296205245154,CLEAR,2024-25,Shai Gilgeous-Alexander,Jalen Williams,MODEL_PROPOSAL,,Shai Gilgeous-Alexander,Jalen Williams
1610612739,CLE,1628378,Donovan Mitchell,80.73489334361778,26.0,0.306,0.168,100.0,46.54891900712972,88.09523809523809,201935,James Harden,68.94247015297786,19.166666666666668,0.246,0.236,67.456287984972,72.38740105603205,64.28571428571426,Evan Mobley,66.08753828689058,9.671111155944573,2.854931866087284,AMBIGUOUS_SECONDARY,2025-26,Donovan Mitchell,James Harden,MODEL_PROPOSAL,,Donovan Mitchell,James Harden
1610612752,NYK,1628973,Jalen Brunson,90.57182985553773,28.36842105263158,0.317,0.271,100.0,84.64419475655431,80.71428571428572,1628384,OG Anunoby,54.7152509212695,20.11764705882353,0.183,0.072,47.16610402637321,22.251301726500408,87.14285714285715,Karl-Anthony Towns,55.13273707712244,38.84070173841859,-0.41748615585294147,OWNER_REVIEWED,2025-26,Jalen Brunson,Karl-Anthony Towns,OWNER_REVIEWED,Owner-reviewed: Anunoby was New York's second option; Towns is treated as the third star.,Jalen Brunson,OG Anunoby
1610612760,OKC,1628983,Shai Gilgeous-Alexander,97.12503215847698,27.6,0.308,0.367,100.0,90.41677386158992,100.0,1642349,Ajay Mitchell,55.9010135347046,15.090909090909092,0.223,0.194,50.58769797610214,54.20614560707063,72.22222222222221,Chet Holmgren,44.84663550846562,39.41860288527269,11.054378026238986,CLEAR,2025-26,Shai Gilgeous-Alexander,Ajay Mitchell,MODEL_PROPOSAL,,Shai Gilgeous-Alexander,Ajay Mitchell
1610612759,SAS,1641705,Victor Wembanyama,76.69411991962733,23.818181818181817,0.278,0.136,100.0,23.00934579439253,100.0,1642264,Stephon Castle,66.07837272361009,18.17391304347826,0.245,0.298,67.82501675577535,86.20210280373833,44.44444444444445,De'Aaron Fox,59.67931626761083,8.10935860199119,6.399056455999258,AMBIGUOUS_SECONDARY,2025-26,Victor Wembanyama,Stephon Castle,MODEL_PROPOSAL,,Victor Wembanyama,Stephon Castle
